id,domain,status,purchase_price,renewal_price,attractiveness,demand,length,registrar,created_at,expires_at,status_verified_at
048ab3e4-19e8-4fd5-b30c-078d62365d5e,midst.pw,available,3.99,24.49,medium,low,5,namesilo,,,11/09/2026 13:11
331a027b-cedc-4482-afd1-41396955110d,shattering.pw,available,3.99,24.49,high,medium,10,namesilo,,,10/09/2026 06:06
262645fa-5cc0-41f2-b907-948d04956c2a,keister.pw,available,3.99,24.49,low,low,7,namesilo,,,09/08/2026 11:08
8287540b-ef47-40c6-a168-ed8da887eec4,magically.pw,available,6.98,20.48,high,low,9,namecheap,,,13/09/2026 21:17
7f2aba93-5c35-4527-84a8-d9b809294f9b,cob.pw,available,3.99,24.49,high,low,3,namesilo,,,23/09/2026 23:42
13ccf6a0-e54e-4a45-b1e1-6908a64b2e13,forbidding.pw,available,3.99,24.49,medium,low,10,namesilo,,,18/08/2026 11:08
64ac2688-10bb-4508-8833-659401d03596,cheque.pw,available,3.99,24.49,high,low,6,namesilo,,,22/09/2026 02:22
1f62c2c6-e74c-46ff-8f6d-6a1117f50de4,increasing.pw,available,3.99,24.49,high,low,10,namesilo,,,25/09/2026 08:12
3f8f96a5-b27a-457c-9ea2-99caf71d8390,catoptric.pw,available,3.99,24.49,medium,low,9,namesilo,,,11/08/2026 22:12
40c202de-f57b-4815-b364-e8705a09cba7,famished.pw,available,3.99,24.49,medium,low,8,namesilo,,,17/08/2026 13:41
a1cac7ff-2693-42e4-982f-5d8b975a41af,avocation.pw,available,3.99,24.49,high,low,9,namesilo,,,21/09/2026 09:37
19c73f71-45cd-41f4-acdb-9d59272d5728,swell.pw,available,,,high,low,5,,,,
40fe34e0-5059-4416-89ba-21e86fccec03,azimuth.pw,resell,,,high,low,7,"GoDaddy.com, LLC",24/06/2026 13:28,24/06/2027 13:28,26/09/2026 04:11
5a8c95ce-f8eb-47bd-b712-cc4eb07c0b90,nevus.pw,available,6.98,20.48,medium,low,5,namecheap,,,23/09/2026 21:15
5aac8523-13a3-4b76-8848-80c25e278584,colonic.pw,available,3.99,24.49,medium,low,7,namesilo,,,12/08/2026 17:22
c1efdbfc-9cb1-4382-9f93-1d54e05e1cd7,agnosia.pw,available,6.98,20.48,medium,low,7,namecheap,,,17/09/2026 18:46
962bf7c0-0d20-4f2c-8a81-e45e27d959bf,opaque.pw,available,3.99,24.49,high,low,6,namesilo,,,04/09/2026 15:47
f3e2dd6f-9a07-4402-9129-e7b7d2425cd7,screecher.pw,available,6.98,20.48,medium,low,9,namecheap,,,22/09/2026 17:04
25e77e88-f645-46f0-83cf-ea55d57ce962,rollercoaster.pw,available,20.48,,medium,low,14,namecheap,,,
f47f7610-859d-481c-9ce5-592f859f915a,hominid.pw,available,3.99,24.49,medium,low,7,namesilo,,,21/08/2026 12:39
6cd71203-7a53-4f53-8eed-3cff6ee65fe9,aegean.pw,available,,,high,low,6,,,,
ff933e1f-1fab-4ca6-8f33-02f595e344fa,amicably.pw,available,6.98,20.48,high,low,8,namecheap,,,13/09/2026 19:29
94173233-2752-449d-b69e-612bb2c4a10a,andrena.pw,available,3.99,24.49,medium,low,7,namesilo,,,19/09/2026 04:31
488c6a17-4067-42e5-97a1-dedb7b7b4f67,edifying.pw,available,3.99,24.49,high,low,8,namesilo,,,15/08/2026 10:17
80af9eac-7699-4d56-9368-7a61e07a70af,hie.pw,premium,1300,1300,medium,low,3,namecheap,,,09/09/2026 19:49
a417f95f-8986-4c27-b0ce-d86b7698b429,triad.pw,resell,,,high,low,5,"GoDaddy.com, LLC",28/06/2026 03:44,28/06/2027 03:44,26/09/2026 09:45
fedc9c5d-d38f-43c5-928b-ed6ca0486a5a,slur.pw,available,6.98,20.48,medium,low,4,namecheap,,,20/09/2026 14:59
1f75d9de-1fb3-4e39-9811-074112cc3944,classy.pw,resell,,,high,low,6,"GoDaddy.com, LLC",01/07/2026 07:15,01/07/2027 07:15,26/09/2026 04:58
15a43b43-6e05-456f-93bc-a875943b6e58,stepwise.pw,available,3.99,24.49,high,low,8,namesilo,,,10/08/2026 07:12
68e5afa8-6c86-431b-a744-c2bce5983a28,consents.pw,available,6.98,20.48,medium,low,8,namecheap,,,20/09/2026 13:43
b0b981a7-665b-4e25-9d8e-fbaedba0b393,pickled.pw,available,6.98,20.48,high,medium,7,namecheap,,,08/09/2026 19:30
61939cb5-a4c6-47c3-bf0e-e8ae3d7bd9aa,dated.pw,available,29.99,29.99,medium,low,5,name.com,,,13/08/2026 18:40
ac9da502-df07-42b1-a9db-cab44440dcd5,somber.pw,available,3.99,24.49,medium,low,6,namesilo,,,10/09/2026 14:00
0ea052d8-e1b5-4085-a5d0-40343fcf587e,your.pw,premium,749.17,,high,medium,4,name.com,,,
12e8b1c0-9618-49cd-ac11-8a7051077f9b,jones.pw,premium,116,116,high,low,5,namesilo,,,25/09/2026 00:23
1525a9f4-64c8-40cb-a43b-93a7ba0bf4a9,belmont.pw,available,3.99,24.49,high,low,7,namesilo,,,23/09/2026 06:57
f76b7ee0-b0c7-4d86-b4ed-742b50f521da,moldable.pw,available,3.99,24.49,medium,low,8,namesilo,,,25/08/2026 03:42
6a03f0b7-9370-452f-95b7-4d21f21e747e,olibanum.pw,available,3.99,24.49,medium,low,8,namesilo,,,16/09/2026 09:03
d8e5ed50-781a-407d-b28a-ab0cce7e26cd,undaunted.pw,available,3.99,24.49,high,low,9,namesilo,,,12/09/2026 07:00
2c52c61f-e6c9-49f2-91db-6c80549aaba6,tertiary.pw,available,3.99,24.49,medium,low,8,namesilo,,,
875c3fe1-488c-4beb-8dfd-50dc12740985,precious.pw,resell,,,high,low,8,"GoDaddy.com, LLC",28/05/2026 03:14,28/05/2027 03:14,26/09/2026 08:17
082e517d-ab2e-478f-a1f8-2dbde4739b27,outpouring.pw,available,3.99,24.49,high,low,10,namesilo,,,22/09/2026 07:58
025e3917-9cbc-4e6d-9502-1903429cd6cb,frothy.pw,available,3.99,24.49,high,low,6,namesilo,,,11/08/2026 07:22
f070d0fa-3a33-401d-96d9-0e39551fd1af,windblown.pw,available,3.99,24.49,medium,low,9,namesilo,,,13/09/2026 12:08
c86dbfa2-3043-4ab1-9766-f1c3a22790de,avesta.pw,available,3.99,24.49,medium,low,6,namesilo,,,21/09/2026 09:22
fc788f10-e1c6-4d72-872c-6363fc385783,futile.pw,available,3.99,24.49,medium,low,6,namesilo,,,22/09/2026 23:49
eddc5224-d162-4f6b-b1c3-bdfcd1230b47,unloosen.pw,available,3.99,24.49,medium,low,8,namesilo,,,18/08/2026 14:36
17c265d0-4b0b-4ed0-bbc2-d8499af30006,adulterous.pw,available,3.99,24.49,medium,low,10,namesilo,,,
05d4b066-b18e-4cc4-9923-bfe9b6a545c6,contestant.pw,available,3.99,24.49,medium,low,10,namesilo,,,14/08/2026 12:45
3c1006dd-8520-42db-a921-fd4637e2e8df,unguided.pw,available,3.99,24.49,medium,low,8,namesilo,,,12/09/2026 11:41
6c430e6d-180c-4843-a2cb-2755bddc575e,delusory.pw,available,6.98,20.48,low,low,8,namecheap,,,13/08/2026 21:18
8e71a738-cd35-4dde-9f93-51fa259daaf7,yell.pw,premium,187.29,,medium,low,4,name.com,,,
8f4a6221-b656-404c-b7cd-532d78fc9377,lakh.pw,available,3.99,24.49,medium,low,4,namesilo,,,21/08/2026 15:36
9d6fb988-375b-49af-834c-7127fa7e541c,pettifog.pw,available,6.98,20.48,low,low,8,namecheap,,,23/09/2026 13:20
f7592f04-571f-4f8e-b4ef-a8d09226f207,vacation.pw,premium,1872.92,,high,low,8,name.com,,,
bfaef418-dfa3-4c02-8465-599258da98ca,croak.pw,available,6.98,20.48,medium,low,5,namecheap,,,24/09/2026 19:33
789a4a36-d1e6-4d13-b384-6505f37363cb,meteoric.pw,resell,,,high,low,8,"GoDaddy.com, LLC",07/07/2026 20:58,07/07/2027 20:58,26/09/2026 07:31
f80fd404-1467-495a-8ab0-f8289d3cc86f,isomeric.pw,available,3.99,24.49,medium,low,8,namesilo,,,22/08/2026 11:08
c3ded9ac-ebb5-41b2-88b5-54f8beccd497,sanative.pw,available,3.99,24.49,medium,low,8,namesilo,,,
a594e21a-64d6-43f8-a316-b0c8b723443f,forged.pw,resell,,,high,low,6,"GoDaddy.com, LLC",19/06/2026 03:30,19/06/2027 03:30,26/09/2026 06:12
15bdb263-287d-4539-b42d-ad33175f26df,geniculate.pw,available,6.98,20.48,medium,low,10,namecheap,,,18/08/2026 21:38
3f187dae-88e6-469e-8b48-904321486ea6,ostracize.pw,available,6.98,20.48,medium,low,9,namecheap,,,24/09/2026 01:58
957af282-6ca2-4617-a5e9-3d5e14f6eab5,meth.pw,premium,3250,3250,high,low,4,namecheap,,,24/09/2026 21:56
e4f4de60-9f6e-4fd8-9ab4-e52de9af1bbe,confluent.pw,available,6.98,20.48,high,low,9,namecheap,,,12/08/2026 21:07
d3bb3d1a-0d07-4829-8858-2b2a0816c438,marihuana.pw,available,,,high,low,9,,,,
91061e9a-e4b7-49bf-9d70-9a64951634b6,furthest.pw,available,3.99,24.49,medium,low,8,namesilo,,,24/09/2026 17:07
063df29d-b115-4aa7-a5a7-67d00f9a4268,europium.pw,available,3.99,24.49,medium,low,8,namesilo,,,20/09/2026 23:26
7790acb8-ca73-49ed-9be2-265c934791e0,greased.pw,available,6.98,20.48,high,low,7,namecheap,,,20/08/2026 19:33
6e18a258-a0a9-42f8-98f7-e3e53ca5e940,immunized.pw,available,6.98,20.48,medium,low,9,namecheap,,,21/08/2026 21:30
9c0d8b6c-0891-4b0d-8142-4640de1780e1,airedale.pw,available,3.99,24.49,medium,low,8,namesilo,,,17/09/2026 23:08
17dffc9c-ea6d-4f08-a331-792e8ce64198,agility.pw,resell,,,high,low,7,"GoDaddy.com, LLC",28/05/2026 02:24,28/05/2027 02:24,26/09/2026 01:26
8133b400-a763-4eba-bb9a-e19c012dcfbf,unpleasant.pw,available,3.99,24.49,medium,low,10,namesilo,,,12/09/2026 16:58
02c1ab44-aaea-4a50-95ee-838437f8515c,crecy.pw,available,3.99,24.49,medium,low,5,namesilo,,,22/09/2026 15:02
dbfe243b-8883-4b91-a12e-6aa20a0acf1f,orleans.pw,premium,187.29,,high,low,7,name.com,,,
7f5c3a6f-bd92-4fdf-99fb-9a4b8105c850,ebooks.pw,premium,640,640,high,low,6,namesilo,,,18/09/2026 08:29
b57ed0fe-4b28-4f8e-a0c1-6cabcde611e2,wispy.pw,available,3.99,24.49,medium,low,5,namesilo,,,13/09/2026 12:43
65b0c2f5-451d-4712-b397-a4663ae64f66,absolute.pw,premium,302.5,302.5,high,low,8,namesilo,,,21/09/2026 14:42
40722fcd-e032-4738-b048-fcf4b557c75e,verbose.pw,available,3.99,24.49,medium,low,7,namesilo,,,24/08/2026 09:27
15a8acea-af69-4b0c-8bf6-dedc893bfaea,ritenuto.pw,available,3.99,24.49,high,medium,8,namesilo,,,09/09/2026 09:55
62f77b3c-3aec-4de6-8d22-7d574064990d,anise.pw,available,3.99,24.49,high,low,5,namesilo,,,19/09/2026 09:24
a9e5b87d-1685-45bb-8f16-16e3ef57435b,redoubled.pw,available,3.99,24.49,high,medium,9,namesilo,,,09/09/2026 12:22
6faf13a3-f27c-4a6e-b824-02f85c0ea4c4,utterly.pw,available,3.99,24.49,high,low,7,namesilo,,,
0f6c833a-ecee-4979-98c5-2f479aa894db,blamed.pw,available,3.99,24.49,medium,low,6,namesilo,,,10/08/2026 12:39
33690319-a3b0-42e1-aa2f-d9e58071b73e,azonal.pw,available,3.99,24.49,medium,low,6,namesilo,,,08/08/2026 02:27
a2fe7d56-d7a5-464a-b590-3cce949f09ed,nonplussed.pw,available,3.99,24.49,medium,low,10,namesilo,,,07/08/2026 10:48
42bd0f11-d252-4bd4-9d55-c422fe2a3339,laterally.pw,available,3.99,24.49,medium,low,9,namesilo,,,15/09/2026 10:56
e012b9e2-4bbf-4ebb-bfbc-24172449e4ca,people.pw,premium,749.17,,high,medium,6,name.com,,,
dc09f717-fe51-4b04-85a6-cdd216e29928,arabesque.pw,available,6.98,20.48,high,low,9,namecheap,,,19/09/2026 23:28
bb424fcf-2df9-4811-bbac-272da1e4c8c1,uniat.pw,available,3.99,24.49,medium,low,5,namesilo,,,12/09/2026 12:44
faf58042-ad3b-48e2-b9f5-d65a0fa568aa,hardship.pw,available,3.99,24.49,high,low,8,namesilo,,,17/09/2026 10:51
fa61534d-ed8d-4bf5-aa12-b60555b78848,upc.pw,premium,374.58,,high,low,3,name.com,,,
49476afa-2e8a-416f-995b-160cde8202cb,belvedere.pw,available,3.99,24.49,high,medium,9,namesilo,,,22/09/2026 12:20
e08b23b2-627d-4f62-91d6-4adc5297e022,mat.pw,premium,374.58,749.17,high,low,3,name.com,,,08/09/2026 07:48
2a95d563-31a9-4a28-a5c6-d564ecb20109,armchair.pw,available,3.99,24.49,high,low,8,namesilo,,,20/09/2026 06:33
5396b9ea-cb2b-4151-8b8f-b778fb01833b,zovirax.pw,available,6.98,20.48,medium,low,7,namecheap,,,17/09/2026 05:42
54d28027-e80f-4158-a7de-5c75183f3b62,xlvii.pw,available,3.99,24.49,medium,low,5,namesilo,,,
ebb0bb66-d0ed-4584-9498-379a70542728,overripe.pw,available,3.99,24.49,medium,low,8,namesilo,,,04/09/2026 21:44
8083928f-b896-464a-a83b-b1b997296740,autonomic.pw,available,3.99,24.49,high,low,9,namesilo,,,07/08/2026 20:52
672258e6-3bb5-4e58-9310-5ca737541def,dull.pw,available,3.99,24.49,high,low,4,namesilo,,,23/09/2026 00:25
5580e0a1-82d2-42b3-80aa-6a5b7e121bd4,megabucks.pw,available,3.99,24.49,high,low,9,namesilo,,,23/09/2026 14:11
a88ee050-5a0d-48d9-aef3-3d913b1d0f3e,semisweet.pw,available,3.99,24.49,medium,low,9,namesilo,,,10/09/2026 03:29
5933fb27-db1e-4225-84b9-8d0f0ad13879,reformist.pw,available,3.99,24.49,high,medium,9,namesilo,,,09/09/2026 12:42
7cf1eed1-cfe6-41b6-bef7-84df651d5ed7,steroidal.pw,available,6.98,20.48,medium,low,9,namecheap,,,10/09/2026 20:19
0b2c2279-ba41-4ae3-8ad3-348cc5c3bab7,characteristics.pw,available,3.99,24.49,medium,low,15,namesilo,,,
0e2cf74d-61bc-4ab3-bb48-83cc0e94e7f2,properly.pw,available,6.98,20.48,medium,low,8,namecheap,,,13/08/2026 21:12
22f6aa17-ec3b-4789-8786-9a4f2c4aaa20,wash.pw,available,3.99,24.49,high,low,4,namesilo,,,
a6b1ad02-0784-4ff2-bae5-df61953e4ae6,venomed.pw,available,3.99,24.49,medium,low,7,namesilo,,,13/09/2026 02:06
ec38ac1e-f73a-467b-9fca-297ccd1fe9ea,crummy.pw,available,3.99,24.49,medium,low,6,namesilo,,,11/08/2026 09:02
af546589-f6b6-433c-9a43-73ea961dcaea,carried.pw,available,3.99,24.49,medium,low,7,namesilo,,,25/09/2026 17:00
22ce3d7c-4a73-40d5-85cf-34483977bf2c,cindy.pw,premium,74.92,,high,low,5,name.com,,,
285a1854-6fa0-4659-9e18-c2131e323a36,categorial.pw,available,6.98,20.48,medium,low,10,namecheap,,,11/08/2026 21:27
ff0a4a25-6471-493c-bdad-cc3f79a075ff,genu.pw,available,6.98,20.48,high,low,4,namecheap,,,20/09/2026 11:29
96a747a8-adc6-4de3-af52-f42fbee60054,jamie.pw,premium,130,130,high,low,5,namecheap,,,25/09/2026 17:50
11372e5d-ae32-42c7-82d4-4c3478e2c39a,leiden.pw,available,3.99,24.49,high,low,6,namesilo,,,25/09/2026 23:25
b94c1863-737d-4474-956c-314cf1e5aa3e,apartheid.pw,available,3.99,24.49,medium,low,9,namesilo,,,19/09/2026 16:15
bc1c14c8-9e53-4e9c-8244-30c461306316,qaeda.pw,available,3.99,24.49,medium,low,5,namesilo,,,18/09/2026 00:59
3afa4ced-f387-441b-8d7e-dbcd3449abc8,refined.pw,available,3.99,24.49,high,medium,7,namesilo,,,09/09/2026 12:36
4575d745-3263-4468-b557-941bcc6b6f52,mom.pw,resell,,,high,low,3,West263 International Limited,11/02/2021 21:15,11/02/2030 23:59,26/09/2026 07:36
c45fc224-1084-41c7-9d3e-885a0491833e,condense.pw,available,3.99,24.49,high,low,8,namesilo,,,
ae937471-3017-45ce-ba92-712aeace7f85,corrosive.pw,available,3.99,24.49,medium,low,9,namesilo,,,13/08/2026 02:07
f6ae976c-ec6e-4b5c-b9a4-4b146e480ca9,enigmatic.pw,available,3.99,24.49,high,low,9,namesilo,,,17/08/2026 09:13
90c67e11-9a20-45f7-91b4-dbca12602f9f,copular.pw,available,3.99,24.49,medium,low,7,namesilo,,,13/08/2026 00:38
9bf1a8c6-f272-4cca-ad96-b901906819fe,dilettante.pw,available,3.99,24.49,medium,low,10,namesilo,,,14/08/2026 07:38
6df85a71-ed4c-4a0c-99ff-1a263b5ab4d7,strengths.pw,available,3.99,24.49,medium,low,9,namesilo,,,18/09/2026 22:25
98a504fd-40a8-4601-b227-3caf35081c84,before.pw,resell,3.99,24.49,high,low,6,"GoDaddy.com, LLC",18/06/2026 18:49,18/06/2027 18:49,26/09/2026 04:20
ffb0ec49-08a3-4657-8062-8b9a4107f367,revolt.pw,available,3.99,24.49,high,low,6,namesilo,,,
18571ac7-2300-46dc-9efc-353e9a0067ee,atom.pw,resell,,,high,medium,4,"Chengdu West Dimension Digital Technology Co., Ltd.",09/02/2024 06:00,09/02/2034 23:59,26/09/2026 04:07
ef643b6b-704d-4f8d-81c2-76d6cada9469,counted.pw,available,20.48,,medium,low,7,namecheap,,,
ea6de91c-6c94-4800-84ad-65358db64ece,matured.pw,available,6.98,20.48,high,low,7,namecheap,,,18/08/2026 17:58
a65176b5-ba91-4591-935c-43be6ca6f141,breadfruit.pw,available,3.99,24.49,high,low,10,namesilo,,,20/09/2026 11:57
45e5d596-bbf4-4cc7-899d-2b81acdb2db3,sisyphean.pw,available,3.99,24.49,medium,low,9,namesilo,,,10/09/2026 08:58
e697f38c-a32d-4eee-9742-18d81078fae4,chasten.pw,available,3.99,24.49,medium,low,7,namesilo,,,11/09/2026 07:42
2308f9cd-c891-489f-934d-aedad4b0229c,saliferous.pw,available,6.98,20.48,high,medium,10,namecheap,,,09/09/2026 20:52
34ab58d0-ba92-4fb8-8cad-43676aac28ff,khakis.pw,available,3.99,24.49,high,low,6,namesilo,,,
79717329-46b6-41bf-b482-b522d498756d,netflix.pw,available,3.99,24.49,high,high,7,namesilo,,,
ceeea483-233e-4982-b97d-7cb8d012a15f,mothafucka.pw,available,3.99,24.49,medium,low,10,namesilo,,,
23d743c6-b5de-40ec-9bf0-f506b70a1130,aerolite.pw,available,3.99,24.49,medium,low,8,namesilo,,,17/09/2026 13:06
c9a06810-fe0b-4f29-9c30-1dce0c4e4795,salacity.pw,available,3.99,24.49,medium,low,8,namesilo,,,22/09/2026 16:54
13e24c04-6a86-43ba-a507-661c2498d201,arable.pw,available,3.99,24.49,medium,low,6,namesilo,,,06/08/2026 11:14
bc2cf575-2259-487e-923c-0658ac732660,bordello.pw,available,6.98,20.48,medium,low,8,namecheap,,,21/09/2026 18:17
011f4b17-0d41-47ab-a8d7-cc8ab98f4757,asparagus.pw,resell,,,high,low,9,"GoDaddy.com, LLC",27/06/2026 21:18,27/06/2027 21:18,26/09/2026 04:04
61db2911-b19d-4941-8388-84b6df42589f,egregious.pw,available,3.99,24.49,medium,low,9,namesilo,,,15/08/2026 19:48
8e08f98e-3d7c-4d0f-8ec2-c80301026c95,lengthwise.pw,available,3.99,24.49,medium,low,10,namesilo,,,22/08/2026 23:38
2ba04382-055d-4bdb-93c6-4d6b2cba6276,messianic.pw,available,6.98,20.48,high,low,9,namecheap,,,24/08/2026 21:22
d15f0146-b0e5-4c2c-a378-d1fab22197c5,aback.pw,available,3.99,24.49,high,low,5,namesilo,,,13/09/2026 16:07
1b2f09bc-4ab0-4d2d-9d2c-fbe991ce0561,aeolic.pw,available,3.99,24.49,medium,low,6,namesilo,,,17/09/2026 12:35
fe076c0e-2fa6-4676-b616-e9631cebd53c,poetic.pw,resell,,,high,low,6,"GoDaddy.com, LLC",07/07/2026 03:16,07/07/2027 03:16,26/09/2026 08:13
0e569e7f-72be-472e-a8e1-36dae98d4951,trailers.pw,resell,,,medium,low,8,"GoDaddy.com, LLC",21/06/2026 18:14,21/06/2027 18:14,26/09/2026 09:43
ca59b2ae-0f8f-4021-ad59-8bbe74a8042a,winterhaven.pw,available,3.99,24.49,high,low,12,namesilo,,,
2f6a6647-a2f7-43f3-b50d-be94aac03128,batik.pw,available,3.99,24.49,high,low,5,namesilo,,,22/09/2026 14:02
4ead8be3-0b72-4042-82c3-fdc1d3745e29,stabilization.pw,available,3.99,24.49,medium,low,13,namesilo,,,17/09/2026 17:23
e9df7df8-4dfb-456b-a73e-c2a55104407c,mrs.pw,resell,,,high,low,3,"GoDaddy.com, LLC",31/07/2026 13:35,31/07/2027 13:35,26/09/2026 07:40
4cf0a925-09f5-43fb-9704-afda3fbd62e9,execrable.pw,available,3.99,24.49,medium,low,9,namesilo,,,
28d35a25-05d9-4461-a0d4-83fae140cfcc,annulate.pw,available,3.99,24.49,high,low,8,namesilo,,,
a5cf3ea8-2fbd-4c80-8c44-10696447ec1c,gainfully.pw,available,6.98,20.48,high,low,9,namecheap,,,14/09/2026 20:58
17250dc3-0d1d-4474-ae31-28ce25de3741,themselves.pw,available,3.99,24.49,medium,low,10,namesilo,,,25/09/2026 16:52
a1b92519-a7e8-462e-85dd-aec1eef8f35e,acute.pw,available,3.99,24.49,high,low,5,namesilo,,,21/09/2026 16:39
e680a1d9-81dd-445b-ac9d-b8255d3d0d4a,nakedly.pw,available,3.99,24.49,medium,low,7,namesilo,,,15/09/2026 16:02
85758b27-addf-4e14-bea8-e58c7b81d526,channel.pw,premium,749.17,,high,low,7,name.com,,,
87db316b-c348-45bb-934b-905ab32d41b3,dreams.pw,premium,1300,1300,high,low,6,namecheap,,,25/09/2026 20:24
a5c01709-48cc-4be6-bd15-c31b7e42332d,forgery.pw,available,3.99,24.49,high,low,7,namesilo,,,13/08/2026 03:36
49565aa7-bb58-4b68-8ba8-63b76fe48c47,roundness.pw,available,3.99,24.49,medium,low,9,namesilo,,,16/08/2026 12:39
8bf610b2-e54c-4b44-8272-5e71dfbf04f1,vitaliser.pw,available,3.99,24.49,medium,low,9,namesilo,,,19/09/2026 09:12
dd57b81a-50bf-4734-ad8d-dc33aadccab9,acadia.pw,resell,,,high,low,6,"GoDaddy.com, LLC",07/07/2026 19:45,07/07/2027 19:45,26/09/2026 01:19
ad2f0815-c439-4e2b-9505-cd5886d7b184,euclidian.pw,available,3.99,24.49,medium,low,9,namesilo,,,17/08/2026 14:04
4433f8a5-5596-4752-8165-127f43e326e5,devour.pw,available,3.99,24.49,high,low,6,namesilo,,,
97cb9dce-435e-4cbb-92ae-4010f91bdf36,notice.pw,resell,,,high,low,6,"GoDaddy.com, LLC",28/05/2026 03:14,28/05/2027 03:14,26/09/2026 07:49
3834f26b-fb24-41b9-8412-308924cc11b3,het.pw,premium,74.92,149.83,medium,low,3,name.com,,,21/08/2026 02:20
f58a1030-84a0-4f54-b0c8-50a424a6cc6e,reprieve.pw,available,3.99,24.49,high,low,8,namesilo,,,16/09/2026 14:08
9b6b39e9-f0ac-48e7-97e0-be079503dc03,rests.pw,available,6.98,20.48,medium,low,5,namecheap,,,18/09/2026 07:14
93565b73-91eb-4d45-b738-a526ee133eb0,adventive.pw,available,3.99,24.49,medium,low,9,namesilo,,,
6fdf01d2-c6a1-44bf-8444-cd1319fd1425,moravian.pw,available,3.99,24.49,high,low,8,namesilo,,,25/08/2026 06:14
73b4f0bf-bd1b-447c-abd4-088ab325ff41,approval.pw,premium,116,116,high,low,8,namesilo,,,08/09/2026 15:18
3dbae86d-2e76-4866-8949-274b324d9043,acquitted.pw,available,3.99,24.49,medium,low,9,namesilo,,,
1d927280-0ade-425d-a7cc-473123eed533,linda.pw,premium,116,116,high,low,5,namesilo,,,25/09/2026 14:03
12b9bff1-ad9c-4440-9cb8-4eea57f06c8e,presumable.pw,available,3.99,24.49,high,medium,10,namesilo,,,09/09/2026 01:45
2fc805e1-e3bb-4684-982a-36f4baeadd1f,boundaries.pw,available,20.48,,medium,low,10,namecheap,,,
caffebea-04da-44f8-8b3d-6fb2df0ad26e,bull.pw,premium,74.92,,high,low,4,name.com,,,
b2e9f001-6747-4d11-86d5-33d14095d199,proclaim.pw,available,,,high,low,8,,,,
06e472a3-7289-4a9d-9e16-e21055e3d78f,unasked.pw,available,3.99,24.49,medium,low,7,namesilo,,,12/09/2026 01:10
81aa29e3-d15b-4025-942e-fbadc9a96fe1,devotee.pw,available,3.99,24.49,high,low,7,namesilo,,,11/08/2026 07:49
32a38ad3-74d0-4339-aa10-19b94b965981,abutment.pw,available,6.98,20.48,medium,low,8,namecheap,,,16/09/2026 19:33
47f17b68-e255-496e-9aac-0ece9ae4e46d,mammalian.pw,available,3.99,24.49,high,low,9,namesilo,,,24/08/2026 14:19
a478184f-6bdc-4d2e-b505-cfb8d423119d,sozzled.pw,available,6.98,20.48,low,low,7,namecheap,,,09/08/2026 16:23
c4792e66-fa17-47d2-b9da-044b63a9f38b,billow.pw,available,6.98,20.48,medium,low,6,namecheap,,,23/09/2026 16:34
580b8b0f-2679-4069-8cf2-8ea259b8026e,investment.pw,premium,3250,3250,high,low,10,namecheap,,,27/09/2026 01:52
10f9be71-ba45-4502-86e9-08747f09534c,bailee.pw,available,6.98,20.48,medium,low,6,namecheap,,,21/09/2026 19:04
afcb54db-c853-4d01-bc64-330d014850b9,answer.pw,premium,749.17,,high,low,6,name.com,,,
808c6c90-41f1-4101-84ad-7c1ded584ea9,adlumia.pw,available,3.99,24.49,medium,low,7,namesilo,,,17/09/2026 08:37
7beb3514-743e-46b8-bc69-3995ac854940,wolverine.pw,resell,,,high,low,9,"GoDaddy.com, LLC",17/06/2026 18:05,17/06/2027 18:05,26/09/2026 10:12
ce905945-ee82-4b4e-b4f2-f9556ed9fc18,bum.pw,premium,74.92,149.83,medium,low,3,name.com,,,09/08/2026 10:49
3e53cc18-1e00-4678-af5c-e5edc9eb78bd,grind.pw,premium,130,130,high,low,5,namecheap,,,08/09/2026 21:20
9befd590-63b5-4b76-98d3-f464e9bdb329,sooner.pw,available,6.98,20.48,high,low,6,namecheap,,,15/09/2026 21:16
f7c838a4-961b-4a1a-8e22-e5514f723545,dilatory.pw,available,3.99,24.49,medium,low,8,namesilo,,,14/08/2026 07:31
e83049de-68db-4e96-bc58-6ddcd48727ea,unmannered.pw,available,3.99,24.49,low,low,10,namesilo,,,08/08/2026 07:28
5a5bb794-df4e-4604-bd3f-bc4b4c81ebc2,belittling.pw,available,3.99,24.49,medium,low,10,namesilo,,,09/08/2026 13:10
a1a716f7-8fa1-40a7-bb48-29f420140b65,ldopa.pw,available,3.99,24.49,high,low,6,namesilo,,,23/09/2026 07:45
7ada0dd1-7118-4f59-8d43-b5ac549da3cd,writing.pw,premium,374.58,,high,low,7,name.com,,,
47ed967d-8352-4295-9448-e2bf4213bb93,ellipse.pw,resell,,,high,low,7,"GoDaddy.com, LLC",28/06/2026 16:18,28/06/2027 16:18,26/09/2026 05:48
09b47608-39ea-4261-9b02-00967b9be118,fedex.pw,available,3.99,24.49,high,low,5,namesilo,,,
75b26f74-a0e5-4acc-b877-c1cbbb7e6a7b,hinterland.pw,available,3.99,24.49,high,low,10,namesilo,,,21/09/2026 14:33
dcc0d7f5-e831-41bb-8f6a-b3cebca5669d,crossways.pw,available,3.99,24.49,medium,low,9,namesilo,,,14/09/2026 09:48
7b5c06d7-e8e4-49bd-bd23-2fbd681ab851,unsound.pw,available,3.99,24.49,medium,low,7,namesilo,,,24/09/2026 16:24
9fee8246-7d99-4879-8a59-8f96ee45cfe4,unready.pw,available,6.98,20.48,medium,low,7,namecheap,,,12/09/2026 17:53
eec3d0f4-2bb0-4f21-8d59-956bbbac77e7,strangely.pw,available,3.99,24.49,medium,low,9,namesilo,,,14/09/2026 20:38
10695339-80d9-4ef3-b084-5d39c3f95347,evaporated.pw,available,3.99,24.49,medium,low,10,namesilo,,,17/08/2026 14:45
c44ac2af-4ea7-44e1-bd37-4d4084163710,keyserver.pw,available,20.48,,medium,low,10,namecheap,,,
a2e8b533-1808-45b1-bb04-7b2b79f08c86,dating.pw,premium,3745.83,,high,low,6,name.com,,,
d3bb01b5-fd36-4d4f-9e59-d697bc805a49,snatcher.pw,available,3.99,24.49,medium,low,8,namesilo,,,16/09/2026 14:55
7482c748-b57b-4a38-8b24-757e0dace444,fortissimo.pw,available,3.99,24.49,high,low,10,namesilo,,,18/08/2026 12:41
bf7b6505-a0bb-479f-96b8-4ebd1f4047ba,traffic.pw,premium,1872.92,,high,low,7,name.com,,,
77d74d85-c9fe-4a33-a9da-4fc53135ee4a,detain.pw,available,6.98,20.48,high,low,6,namecheap,,,24/09/2026 21:28
859942b7-df8b-4da6-8f17-d0c7f1223faf,frumpy.pw,available,3.99,24.49,medium,low,6,namesilo,,,18/08/2026 17:06
63891660-d7fc-44f4-bcb8-0666c8cdd393,purely.pw,available,3.99,24.49,high,low,6,namesilo,,,15/09/2026 22:05
0ae23b9b-6b63-4b42-bc45-1e620b4316c1,fourier.pw,available,3.99,24.49,medium,low,7,namesilo,,,22/09/2026 07:13
c909ee63-944a-4c7d-b0bb-b34c361ad44a,affiant.pw,available,3.99,24.49,medium,low,7,namesilo,,,17/09/2026 14:22
a52f17e3-91b6-48d7-a68d-3d09501de65f,musky.pw,available,3.99,24.49,high,low,5,namesilo,,,03/09/2026 11:33
4bd0ded0-0349-41e6-aed4-15f1113261af,tongan.pw,available,3.99,24.49,high,low,6,namesilo,,,11/09/2026 17:06
e4aa7061-35fc-471a-a1d3-30fab6a27e4c,hangbird.pw,available,3.99,24.49,medium,low,8,namesilo,,,22/09/2026 00:20
68c388f4-6d1a-4756-956c-999546f0886b,carrying.pw,available,3.99,24.49,high,low,8,namesilo,,,
56aa73ed-fed0-4d35-a5aa-a9451f9e685f,alimentary.pw,available,3.99,24.49,medium,low,10,namesilo,,,
6dfb3678-cab2-44a2-8f80-6819b54cc0c8,agnate.pw,available,3.99,24.49,medium,low,6,namesilo,,,
a3eda644-f222-4d97-8049-2f4de6d5f0a8,aversion.pw,available,6.98,20.48,medium,low,8,namecheap,,,19/09/2026 14:54
b886474a-12b9-40e4-b029-4dd2cf00fde2,pail.pw,available,3.99,24.49,high,low,4,namesilo,,,
58993ed3-3df9-4aa6-bd69-6f9b39945266,barb.pw,available,3.99,24.49,high,low,4,namesilo,,,22/09/2026 04:14
fae310e1-ed76-4d2c-9e6b-4c0f36e411c9,mattresses.pw,premium,3450,3450,medium,low,10,namesilo,,,20/09/2026 14:45
65227fd1-f1bb-4cb7-9a5e-7d8e88c032b5,adnexa.pw,available,29.99,29.99,medium,low,6,name.com,,,17/09/2026 09:05
add14be3-172c-4fd9-86bf-7ee5f36e4988,baby.pw,premium,3745.83,,high,low,4,name.com,,,
8a37b6cd-1af3-4eba-b9b3-9a379d966e29,erbium.pw,available,6.98,20.48,medium,low,6,namecheap,,,20/09/2026 23:37
cc5f3a10-8b79-4653-933d-c0db05f8de67,empyreal.pw,available,3.99,24.49,medium,low,8,namesilo,,,16/08/2026 20:53
019acbab-bb95-4f30-b43e-db10c6bcb29f,autoerotic.pw,available,6.98,20.48,medium,low,10,namecheap,,,07/08/2026 20:01
00593a68-b4b3-47d9-b188-95a1908f2ca5,baked.pw,resell,,,high,low,5,"GoDaddy.com, LLC",17/06/2026 18:05,17/06/2027 18:05,26/09/2026 04:13
963e584f-f6f3-4909-a9a7-c1970e89711c,abelia.pw,available,3.99,24.49,medium,low,6,namesilo,,,16/09/2026 15:02
9c6d001f-955d-48f3-b31d-d72738548e58,homophile.pw,available,6.98,20.48,high,low,9,namecheap,,,18/08/2026 20:56
2e75bde9-ba38-446e-8ef4-634023120c94,searched.pw,available,3.99,24.49,medium,low,8,namesilo,,,18/09/2026 02:50
33aeba29-0884-4954-bdf2-7116d06f53bd,gloaming.pw,available,3.99,24.49,medium,low,8,namesilo,,,11/09/2026 21:41
e3ab877f-bfc0-48bb-ac82-ac7f64632d1e,vaunt.pw,available,3.99,24.49,medium,low,5,namesilo,,,11/08/2026 01:09
79b8b0df-4d1c-41d5-8050-9585e2392fad,congregational.pw,available,3.99,24.49,high,low,14,namesilo,,,
0d45712f-43e8-4c79-9633-3d00aa7b177c,convoluted.pw,available,3.99,24.49,medium,low,10,namesilo,,,12/08/2026 23:59
dfed24b8-3ea6-4143-9d72-2c2fcf7de4cd,ovoid.pw,available,3.99,24.49,medium,low,5,namesilo,,,15/08/2026 18:50
78b45ddd-e036-4cb6-b992-dd35e852d638,joints.pw,available,3.99,24.49,medium,low,6,namesilo,,,20/09/2026 03:38
b1ad5b3a-23b9-4423-b89e-8fd409248609,unrefined.pw,available,3.99,24.49,medium,low,9,namesilo,,,12/09/2026 17:28
f5b959d1-be97-4baa-8e1a-206942296e23,pal.pw,premium,749.17,,high,low,3,name.com,,,
31650e76-f207-4728-a482-018da1546ca2,concentric.pw,available,6.98,20.48,high,low,10,namecheap,,,12/08/2026 19:57
8f189594-73f0-48a4-8909-d4d992cce17e,evident.pw,resell,,,high,low,7,"GoDaddy.com, LLC",01/07/2026 07:45,01/07/2027 07:45,26/09/2026 05:55
1cc64e53-ea9c-47f4-8825-3ff0855b9e19,textile.pw,available,,,high,low,7,,,,
8452a796-b05a-44a4-8adc-e372472fa478,zoonotic.pw,available,3.99,24.49,medium,low,8,namesilo,,,13/09/2026 15:35
a648bf49-02d9-4c25-bf96-660866ac3fdc,prohibited.pw,available,3.99,24.49,medium,low,10,namesilo,,,08/08/2026 13:48
85420ab6-02a6-4b19-86e7-f39c51ac8edf,mockery.pw,available,3.99,24.49,high,low,7,namesilo,,,22/08/2026 12:39
86b99fb1-ecc4-4956-ab26-6018e6010dbb,renewal.pw,available,3.99,24.49,high,low,7,namesilo,,,
693f9d86-9052-41b3-b692-cb4b3b679881,akee.pw,available,6.98,20.48,medium,low,4,namecheap,,,17/09/2026 01:56
73f61d3d-2b6a-4d83-bc24-4254de3994f8,basting.pw,available,6.98,20.48,medium,low,7,namecheap,,,22/09/2026 12:43
6aebdf62-3c87-4dfa-ae6e-1cde717036c6,plebeian.pw,available,6.98,20.48,medium,low,8,namecheap,,,08/09/2026 21:00
7e65299a-556c-46eb-a4e7-eb0a12d4cde5,unstuck.pw,available,3.99,24.49,medium,low,7,namesilo,,,12/09/2026 20:40
bc7fdfae-55f6-4731-a1ea-907d44df976d,uric.pw,available,3.99,24.49,medium,low,4,namesilo,,,12/09/2026 23:37
40bc0431-237b-4bed-b883-b53d33c7199d,conforming.pw,available,6.98,20.48,high,low,10,namecheap,,,12/08/2026 21:11
09f9f0b3-2fbf-4205-911a-952d22879db5,pithily.pw,available,6.98,20.48,medium,low,7,namecheap,,,15/09/2026 20:06
541ced07-c487-4531-967f-828c989adaec,surd.pw,available,3.99,24.49,medium,low,4,namesilo,,,11/09/2026 03:41
b9cd6b8a-fa55-44f0-9a2f-dd36cf1f3c01,seemly.pw,available,3.99,24.49,medium,low,6,namesilo,,,09/08/2026 06:27
0b5edd48-5dd9-45f1-b913-ecd0515e1524,rancorous.pw,available,3.99,24.49,high,medium,9,namesilo,,,09/09/2026 10:13
913f2f8b-b3e0-40f3-be4d-c53321ec0763,canola.pw,available,6.98,20.48,high,low,6,namecheap,,,24/09/2026 12:06
030270fe-08fa-435e-b6ca-2145537f4493,bagging.pw,available,6.98,20.48,medium,low,7,namecheap,,,21/09/2026 18:06
1866e485-25c7-4c1e-b63d-a48bcc8f1feb,kilo.pw,premium,74.92,,high,low,4,name.com,,,
8ce1c4c3-d37b-4ca7-8ba9-4bdf45c9860f,opinions.pw,premium,325,325,high,low,8,namecheap,,,17/09/2026 07:35
6272d4f9-f454-431e-8e98-0e793dd0f7b1,sol.pw,premium,640,640,high,medium,3,namesilo,,,16/09/2026 03:33
91413cf5-c0fa-48a8-80a6-4342c523552f,bister.pw,available,3.99,24.49,medium,low,6,namesilo,,,23/09/2026 22:08
e30f2a20-ed0c-4c54-8c2e-b85ca23deabb,askew.pw,available,3.99,24.49,medium,low,5,namesilo,,,07/08/2026 03:31
27a4786d-52e6-48a1-bdd6-e4d590569c85,bandbox.pw,available,3.99,24.49,medium,low,7,namesilo,,,22/09/2026 01:01
d7efdd82-f77e-499c-9cc5-3d332c2079dc,burnish.pw,available,3.99,24.49,high,low,7,namesilo,,,08/09/2026 23:02
6bda0d59-3059-4cfe-a1f9-461956f5899f,godfrey.pw,available,29.99,29.99,high,low,7,name.com,,,25/09/2026 18:26
67f961f2-0a8c-480e-8f94-4b56cc97f719,guiltless.pw,available,3.99,24.49,high,low,9,namesilo,,,12/08/2026 10:18
54cbd53d-170c-435c-bff8-7e554c478c86,eviscerate.pw,available,3.99,24.49,medium,low,10,namesilo,,,17/08/2026 15:10
7fe52bc1-4b4b-411f-98fc-48891eab95a0,abdominal.pw,available,3.99,24.49,high,low,9,namesilo,,,21/09/2026 13:47
1b0f6866-af3f-4874-bd91-54b02443722d,filiform.pw,available,3.99,24.49,medium,low,8,namesilo,,,18/08/2026 04:04
a5dc35af-d3f5-4591-a0b8-78b47cfffc20,crepuscle.pw,available,3.99,24.49,medium,low,9,namesilo,,,11/09/2026 21:50
35f030a7-e6e7-4a91-bbc1-8965e3a2c38a,mao.pw,premium,374.58,,high,low,3,name.com,,,
fe541b90-3cff-4614-91ac-3c15469a7677,necks.pw,available,6.98,20.48,medium,low,5,namecheap,,,19/09/2026 20:42
b16e0c19-8249-439e-a9d5-b2782fed8b13,donatus.pw,available,3.99,24.49,medium,low,7,namesilo,,,17/09/2026 12:26
ce46d9b2-4c8c-45ae-bd0c-054c5b0a2df4,focusing.pw,resell,,,high,low,8,"GoDaddy.com, LLC",07/07/2026 03:16,07/07/2027 03:16,26/09/2026 06:10
7e022d05-b2d0-4876-b0eb-7d432e7d68bc,perceived.pw,available,3.99,24.49,high,low,9,namesilo,,,
a567f51b-1fe2-4182-a398-c9d77f6b544f,appetite.pw,resell,,,high,low,8,"GoDaddy.com, LLC",31/05/2026 02:51,31/05/2027 02:51,26/09/2026 03:56
d394b1d2-a336-45a2-a2e5-6e0b8a916dac,snarled.pw,available,3.99,24.49,high,medium,7,namesilo,,,10/09/2026 12:19
70652458-3bcc-4003-bfdc-ed6ea712e6de,sunburn.pw,available,3.99,24.49,high,low,7,namesilo,,,11/09/2026 07:53
6a7e3d37-d1f0-471c-85b0-b54d2fa76129,adverbs.pw,available,3.99,24.49,medium,low,7,namesilo,,,18/09/2026 21:42
f2bf80ac-90cf-4536-b4fd-91d01abf2dd9,embassador.pw,available,3.99,24.49,high,low,10,namesilo,,,18/09/2026 16:29
0e78ce65-4840-4a20-a604-f2c58bb99fd0,augustine.pw,available,3.99,24.49,high,low,9,namesilo,,,21/09/2026 04:01
bcb6bcf0-6ea2-4ec2-b005-4626783fa9cb,darkness.pw,resell,,,high,low,8,"GoDaddy.com, LLC",27/06/2026 21:18,27/06/2027 21:18,26/09/2026 05:25
24df60ab-7cef-4133-be37-755a1e161372,postpartum.pw,available,3.99,24.49,high,low,10,namesilo,,,09/09/2026 00:37
7eca149f-3c72-4a4c-acd7-23a5fcb51a2c,airwoman.pw,available,3.99,24.49,medium,low,8,namesilo,,,17/09/2026 23:25
da0257b2-af84-4681-aecb-305383438d8f,roundly.pw,available,3.99,24.49,medium,low,7,namesilo,,,14/09/2026 00:45
d13551c9-d852-4489-aa67-f4f3a91ec771,junket.pw,available,3.99,24.49,high,low,6,namesilo,,,22/09/2026 03:02
51fc9b6b-c26d-4198-b430-bbbd9158594b,resistant.pw,available,3.99,24.49,high,low,9,namesilo,,,09/09/2026 15:18
d51b8219-c6b2-4510-8356-1d05986fb8d5,avens.pw,available,3.99,24.49,medium,low,5,namesilo,,,21/09/2026 09:03
1e2db40c-e083-4ed0-bf13-d5222d76f0a5,canty.pw,available,3.99,24.49,medium,low,5,namesilo,,,11/08/2026 17:46
22da69f2-4906-47fb-9e53-6ea1da63b730,polymeric.pw,available,3.99,24.49,medium,low,9,namesilo,,,08/09/2026 23:25
846fac15-31f1-4bd4-9300-fa2d888a0cda,valent.pw,available,3.99,24.49,medium,low,6,namesilo,,,13/09/2026 00:54
3bc7f817-b39b-4e09-971b-6bf194b24509,pride.pw,premium,187.29,,high,low,5,name.com,,,
c592256b-1f02-4967-828b-714bba2742a1,joyously.pw,available,6.98,20.48,high,low,8,namecheap,,,14/09/2026 21:30
cbf19510-3b35-4548-badd-275a1608c1cd,twits.pw,available,3.99,24.49,low,low,5,namesilo,,,21/09/2026 06:16
f3ba45af-0069-41fc-81be-b7b8f7d12edc,purchaser.pw,available,3.99,24.49,high,low,9,namesilo,,,24/09/2026 11:22
7e9b9aaa-1b47-4ca0-8b65-5231f26926aa,fiduciary.pw,resell,,,high,low,9,"GoDaddy.com, LLC",24/06/2026 13:28,24/06/2027 13:28,26/09/2026 06:04
3fbbf929-a8a7-4f1b-bef5-4c5dcfa00c9a,botticelli.pw,available,3.99,24.49,high,low,10,namesilo,,,18/09/2026 05:31
f434cfa6-e62a-460c-8043-1b761d3e2f3c,brutish.pw,available,6.98,20.48,low,low,7,namecheap,,,09/08/2026 17:59
b56cf941-12ed-4bd6-8556-9f3123b88b49,comic.pw,resell,,,high,low,5,"Chengdu West Dimension Digital Technology Co., Ltd.",04/04/2024 01:14,04/04/2034 23:59,26/09/2026 05:08
9cba3db2-7f6d-44a3-8e69-cc159d9c23e3,rail.pw,premium,953.52,,high,low,4,Dynadot Inc,27/04/2025 14:17,27/04/2027 23:59,
5ff5d18c-17ca-479e-b84e-c54372bcd951,disabled.pw,premium,302.5,302.5,high,low,8,namesilo,,,24/09/2026 10:55
98797e0f-b25c-41f2-ba11-83d0cd0ce58a,edgewise.pw,available,3.99,24.49,medium,low,8,namesilo,,,14/09/2026 15:02
db882dac-5e19-403a-a73d-72910684bc7e,alcea.pw,available,3.99,24.49,medium,low,5,namesilo,,,18/09/2026 03:52
abe8e438-0225-4c3b-aebf-79ad569efb39,sympathy.pw,available,3.99,24.49,high,low,8,namesilo,,,
9f6d70df-3289-4540-b184-8287c56ccf4e,alchemical.pw,available,3.99,24.49,medium,low,10,namesilo,,,24/09/2026 08:19
65fb11f8-241b-492c-bdc3-aa8219657a0c,operated.pw,available,3.99,24.49,high,low,8,namesilo,,,
fac38524-7a9d-4152-94f4-66cdd3da455f,justly.pw,available,3.99,24.49,high,low,6,namesilo,,,15/09/2026 10:18
61553398-38e4-4623-ba02-b7765d007413,sessile.pw,available,3.99,24.49,medium,low,7,namesilo,,,10/09/2026 04:59
dc795d90-8d39-4372-a80c-556098f41337,ride.pw,resell,,,high,low,4,"GoDaddy.com, LLC",13/06/2026 17:06,13/06/2027 17:06,26/09/2026 08:40
6047e3a0-eb46-46f9-8822-3277eb1434e3,odium.pw,available,6.98,20.48,medium,low,5,namecheap,,,16/09/2026 15:27
d4dcd4a5-55f0-4903-8b72-445f1f4575a6,calando.pw,available,3.99,24.49,medium,low,7,namesilo,,,11/08/2026 13:34
5b6b7710-c64a-46d9-9659-2fd7fe2dab36,tomorrow.pw,premium,473.8,,high,medium,8,name.com,,,
a0814aec-9372-4e74-9a5f-5ede11119e54,cfo.pw,premium,187.29,374.58,high,low,3,name.com,,,24/09/2026 13:41
4c85db31-e805-48e0-b918-b45134f2179f,pimento.pw,available,3.99,24.49,high,low,7,namesilo,,,23/09/2026 05:37
0dc143ba-0a4b-4d79-82f2-739589599c62,recyclable.pw,available,3.99,24.49,high,low,10,namesilo,,,09/09/2026 11:31
98433a85-bf08-4b2f-b8dd-ceb936eab302,veracious.pw,available,3.99,24.49,medium,low,9,namesilo,,,13/09/2026 02:19
90ab3548-5cb9-4471-ac6b-31293ea8b68d,sashay.pw,available,3.99,24.49,medium,low,6,namesilo,,,11/09/2026 05:14
2b623f42-43dd-4e11-ae4e-6e5ee959b917,permission.pw,resell,,,high,low,10,"GoDaddy.com, LLC",21/06/2026 18:14,21/06/2027 18:14,26/09/2026 08:06
44f617ef-4be2-4714-96f5-4a07c2d00a13,iambic.pw,available,3.99,24.49,medium,low,6,namesilo,,,21/08/2026 17:28
735162b4-394f-4339-bc8d-094c3fcbc23f,copperhead.pw,available,6.98,20.48,medium,low,10,namecheap,,,17/09/2026 18:16
91b5eca5-3b2e-4d07-b10f-2121805c8d0b,photograph.pw,premium,3450,3450,high,low,10,namesilo,,,26/09/2026 00:03
ce734d25-3e57-4cf9-a356-82bec332b1ac,actually.pw,available,3.99,24.49,high,low,8,namesilo,,,
75d0348a-a2ea-49c9-a0e9-57636a3a9ce9,multiform.pw,available,3.99,24.49,high,low,9,namesilo,,,03/09/2026 10:41
298f9bea-99f4-4bf8-9921-bfe1b45bcd0d,fraught.pw,available,3.99,24.49,medium,low,7,namesilo,,,18/08/2026 14:23
2c53f66f-80b4-4e95-8ccc-e3c3a178316e,sarah.pw,premium,302.5,302.5,high,low,5,namesilo,,,25/09/2026 10:34
38cb89b2-cce7-497c-bedc-d25b1bc66326,superlunar.pw,available,3.99,24.49,medium,low,10,namesilo,,,11/09/2026 02:21
91a60d36-51b4-4919-8c67-81efe4130c9a,swoosh.pw,available,3.99,24.49,high,low,6,namesilo,,,11/09/2026 05:52
f7c9a353-3dc9-4e3b-9706-a2751324a606,slips.pw,available,6.98,20.48,high,low,5,namecheap,,,17/09/2026 12:24
ec2a8276-af4b-4701-8972-e7906180650a,unsweet.pw,available,3.99,24.49,medium,low,7,namesilo,,,10/09/2026 01:07
28c3d34c-6536-4843-84e4-2d55be427de4,pernickety.pw,available,6.98,20.48,medium,low,10,namecheap,,,08/09/2026 17:52
4d3b5312-3d61-4b01-a2ee-8b41e2de8546,apodemus.pw,available,6.98,20.48,medium,low,8,namecheap,,,19/09/2026 18:19
bc7a287c-9df0-4dd3-9d25-09c04a9bcf4c,operation.pw,resell,3.99,24.49,high,low,9,"GoDaddy.com, LLC",20/06/2026 06:40,20/06/2027 06:40,26/09/2026 07:55
81a1b4ce-6833-4677-8e3d-3348dc421eec,mary.pw,premium,325,325,high,low,4,namecheap,,,24/09/2026 06:05
63fbb236-bd1c-4e48-ba35-fe511a753c2a,ducal.pw,available,6.98,20.48,medium,low,5,namecheap,,,14/08/2026 20:44
f0700545-c561-4ce4-b610-87cfdfdcc9b6,mine.pw,resell,,,high,low,4,PDR Ltd. d/b/a PublicDomainRegistry.com,25/03/2013 10:00,25/03/2027 23:59,26/09/2026 07:34
550e47c7-3e2d-40ca-a096-32dc13314181,squiggly.pw,available,3.99,24.49,medium,low,8,namesilo,,,10/09/2026 17:43
807d4438-788d-4136-b291-a532e71331b8,bloodstream.pw,available,20.48,,high,low,11,namecheap,,,
0c60dd52-15f9-4f5b-b3dd-7f98a09d49a5,productive.pw,resell,,,high,low,10,"GoDaddy.com, LLC",04/07/2026 05:45,04/07/2027 05:45,26/09/2026 08:21
111f4814-03a7-4132-9bf1-3bffceed7a4e,delicate.pw,available,3.99,24.49,high,low,8,namesilo,,,24/09/2026 05:30
12c1b44d-0c10-46e9-92b5-ad319a6a2467,bordeaux.pw,resell,,,high,low,8,"GoDaddy.com, LLC",06/07/2026 08:01,06/07/2027 08:01,26/09/2026 04:33
ef000fb9-cfbf-4b23-82bf-b08b10a65fed,holes.pw,premium,187.29,,high,low,5,name.com,,,
a864edad-a9b8-45a1-a811-e5f3ecdeb956,penultima.pw,available,3.99,24.49,medium,low,9,namesilo,,,08/09/2026 15:14
a210e5bc-eb6e-4ab1-ac60-5ce207a4ebab,rang.pw,premium,74.92,,medium,low,4,name.com,,,
922c261f-6c60-416b-92a5-8f26efb75cb6,abila.pw,available,6.98,20.48,medium,low,5,namecheap,,,16/09/2026 15:52
0aef2a00-c876-48ed-bc2c-6058f116cdad,broadcast.pw,premium,325,325,high,low,9,namecheap,,,25/09/2026 10:38
ad5f7223-b4d4-44c0-ae81-73316d05312e,betterment.pw,available,6.98,20.48,high,low,10,namecheap,,,18/09/2026 18:20
fe0fdbc9-d06c-4373-af05-6447e0a295ef,polemic.pw,available,3.99,24.49,medium,low,7,namesilo,,,08/09/2026 22:51
e176104d-30b1-4e84-b4a5-638511732e9f,actionable.pw,available,3.99,24.49,high,low,10,namesilo,,,21/09/2026 16:28
4e703d7e-4aea-4e47-bf39-ec46a6435d36,delicacy.pw,resell,,,high,low,8,"GoDaddy.com, LLC",21/07/2026 09:12,21/07/2027 09:12,26/09/2026 05:29
e337060f-3fc2-4f8b-b3b8-1b2503ce058a,agama.pw,available,29.99,29.99,high,low,5,name.com,,,17/09/2026 16:05
7a487c34-4a58-4fb5-90f2-afca12d083ae,nostrils.pw,available,3.99,24.49,medium,low,8,namesilo,,,
518a9434-8d7a-4961-8175-208eb33da47d,deficient.pw,available,3.99,24.49,medium,low,9,namesilo,,,13/08/2026 23:22
9f5bd570-032a-419b-8fac-2f1779b5ce9f,outboard.pw,available,6.98,20.48,high,low,8,namecheap,,,04/09/2026 18:55
4fbdb2ab-82cf-4b2f-9f91-806ecafe9280,gently.pw,available,20.48,,high,low,6,namecheap,,,
994b7958-6369-4d2e-bcb3-434d5ef247f3,basically.pw,available,3.99,24.49,high,low,9,namesilo,,,
806d9e99-ef34-4e7f-a52d-51947cfdae3e,necessarily.pw,available,3.99,24.49,high,low,11,namesilo,,,
8d16ab8f-ad28-4518-b0d3-b9d4acad146f,aconitum.pw,available,3.99,24.49,medium,low,8,namesilo,,,17/09/2026 02:06
f70a84a5-256c-496f-abff-3122a31e6841,lamely.pw,available,3.99,24.49,low,low,6,namesilo,,,15/09/2026 10:37
514f83c5-ec47-4002-8716-3608b84e6d46,ingredients.pw,available,3.99,24.49,medium,low,11,namesilo,,,
917bcc1d-5f4e-4523-9b74-a53c253c7d02,excused.pw,available,3.99,24.49,medium,low,7,namesilo,,,17/08/2026 16:44
d4dc706e-f24a-4c81-9f38-de3e0951d37a,crossword.pw,premium,1107,1107,high,low,9,namesilo,,,24/09/2026 19:41
06dbc78c-94b3-4ca2-8daf-c7a9eedd03ba,crackpot.pw,available,3.99,24.49,medium,low,8,namesilo,,,10/09/2026 00:10
d9931566-8f50-40d5-8975-d7d77017357e,sundays.pw,resell,,,high,low,7,"GoDaddy.com, LLC",04/07/2026 05:45,04/07/2027 05:45,26/09/2026 09:24
30b621e2-c74e-4dd6-8946-89fbc7cc163e,calder.pw,available,3.99,24.49,high,low,6,namesilo,,,18/09/2026 05:48
de7bdcf1-3773-415a-8e2f-7c76d4544fb9,wifely.pw,available,3.99,24.49,medium,low,6,namesilo,,,13/09/2026 00:27
0635c134-0a5c-4fb1-82ab-ff7df2474687,blistering.pw,available,3.99,24.49,medium,low,10,namesilo,,,
559e6d22-6428-401a-a9f1-9e6f585d1d80,kuwaiti.pw,available,3.99,24.49,high,low,7,namesilo,,,22/08/2026 17:05
9c53b647-5dd1-43e6-90e4-5cd35465d198,shallow.pw,available,3.99,24.49,medium,low,7,namesilo,,,
09537fbb-5298-48bc-b207-9740e3ff3372,connection.pw,premium,74.92,,high,low,10,name.com,,,
4ce83ff5-ce76-4a87-a686-cb0965674a0c,trussed.pw,available,3.99,24.49,medium,low,7,namesilo,,,11/09/2026 15:47
69336e1b-73be-46e1-96ee-9953c32e7fe0,alkahest.pw,available,3.99,24.49,medium,low,8,namesilo,,,18/09/2026 03:42
dcf0ddc6-9cb6-46b1-b00b-a5c6bcbbfded,disaster.pw,available,6.98,20.48,high,low,8,namecheap,,,24/09/2026 11:38
62c1ae8b-6644-4b91-bde7-2093ff7c7810,asheville.pw,resell,,,high,low,9,"GoDaddy.com, LLC",10/07/2026 23:42,10/07/2027 23:42,26/09/2026 04:03
47c05aba-b6a2-4cf7-99aa-bd07f71aa424,reflexed.pw,available,3.99,24.49,high,medium,8,namesilo,,,09/09/2026 12:41
851a3358-91d5-44cb-a8cb-cd2de9860119,amsterdam.pw,premium,3450,3450,high,low,9,namesilo,,,19/09/2026 00:08
c8abef4d-11ba-4671-97bb-991375ec9341,bitstock.pw,available,3.99,24.49,medium,low,8,namesilo,,,23/09/2026 22:47
e8a355af-7e01-4c47-8ec9-4639b59c238f,toward.pw,available,,,high,low,6,,,,
624fa17e-ccac-4277-8a93-22ebf410dd6d,wealthily.pw,available,3.99,24.49,medium,low,9,namesilo,,,16/09/2026 11:21
1f46bce8-a693-472d-bfc0-098f2ce33509,monkfish.pw,available,3.99,24.49,medium,low,8,namesilo,,,18/09/2026 11:42
f2ab14f6-6e5c-46ea-949a-8d994bdf156e,overactive.pw,available,3.99,24.49,medium,low,10,namesilo,,,21/08/2026 16:42
a617095e-b9ef-4c89-aa39-90a73277fa86,including.pw,available,3.99,24.49,medium,low,9,namesilo,,,
35f4c494-ed5e-469c-bcc8-f39475d80528,downsizing.pw,available,3.99,24.49,medium,low,10,namesilo,,,24/09/2026 23:41
9d31f963-659b-4be2-ad8f-4de7250eb2be,faith.pw,resell,,,high,low,5,"Xiamen ChinaSource Internet Service Co., Ltd",18/09/2025 22:25,18/09/2035 23:59,26/09/2026 06:00
6a3cfc1a-8201-484b-b24e-11f3cb1ad814,puzzling.pw,available,3.99,24.49,high,low,8,namesilo,,,17/08/2026 09:15
ac3b1eda-a29d-466f-a38d-5922c956bf4d,nashville.pw,premium,374.58,,high,low,9,name.com,,,
af23e41f-a3a7-4825-b322-1ea4fec349fe,fat.pw,premium,302.5,302.5,high,low,3,namesilo,,,24/09/2026 17:19
39a41216-b99b-45b8-bdac-621542d8a860,zaman.pw,available,6.98,20.48,high,low,5,namecheap,,,18/09/2026 03:15
c6e0d62e-cc41-4ecd-b36c-450ee0b2792a,philip.pw,available,3.99,24.49,high,low,6,namesilo,,,
af019ae7-5754-4bc3-8b1b-ba6c59e4cf66,masterless.pw,available,3.99,24.49,medium,low,10,namesilo,,,24/08/2026 09:55
c60d81d1-05ce-453b-a29f-c1ee232212b8,lagger.pw,available,3.99,24.49,medium,low,6,namesilo,,,22/08/2026 18:42
8e2a9840-d125-497c-90e0-b92fcf10b72a,thirtieth.pw,available,3.99,24.49,medium,low,9,namesilo,,,
e8993046-3e88-4008-ba8e-b28f6ed811aa,balthazar.pw,available,3.99,24.49,high,low,9,namesilo,,,22/09/2026 00:14
3da44ec3-0019-476d-ae7e-ba0e23cb91ad,enticing.pw,available,3.99,24.49,high,low,8,namesilo,,,22/09/2026 01:41
751f95ec-063a-494f-9cfa-da0249722cc0,autotype.pw,available,3.99,24.49,medium,low,8,namesilo,,,21/09/2026 08:17
957cce9e-7148-4f3d-9e24-7bb56ab881ad,avenger.pw,available,3.99,24.49,high,low,7,namesilo,,,21/09/2026 08:56
b06a0acf-4886-4616-bfe9-c6bc028be23b,barnacle.pw,available,3.99,24.49,high,low,8,namesilo,,,22/09/2026 06:46
f13cd777-119e-4e26-ac85-2f5949d85744,nettle.pw,available,3.99,24.49,high,low,6,namesilo,,,24/09/2026 22:02
32d258f5-90af-4cc1-9f70-745b25e64cb6,aircraft.pw,resell,,,high,low,8,"Chengdu West Dimension Digital Technology Co., Ltd.",15/11/2025 00:50,15/11/2026 23:59,26/09/2026 01:27
190af984-d204-4e89-a37a-674e47ee1f2a,sot.pw,premium,74.92,149.83,medium,low,3,name.com,,,14/08/2026 20:22
098c0150-ec34-4fb4-9a85-f53abb326029,northmost.pw,available,6.98,20.48,medium,low,9,namecheap,,,03/09/2026 21:38
37f72887-d24f-4e4a-86db-859e07371b98,sterilization.pw,available,6.98,20.48,high,low,13,namecheap,,,16/09/2026 21:54
7fa95154-36d1-4401-a319-9d27f9c5665a,appreciate.pw,available,3.99,24.49,high,low,10,namesilo,,,
d1d53242-905b-488e-9743-025ad9bfc9f3,skin.pw,premium,1872.92,,high,low,4,name.com,,,
1bd0266d-6ef4-4eea-af70-5f8955d3bdd2,walkabout.pw,available,3.99,24.49,high,low,10,namesilo,,,
15a55546-7120-4c0b-b9c4-24528066567a,widowed.pw,available,3.99,24.49,medium,low,7,namesilo,,,
273ab9a5-47ea-48c9-abfc-6837167cb8bb,niffy.pw,available,3.99,24.49,low,low,5,namesilo,,,03/09/2026 17:10
0136d026-4239-4e2b-99fa-2d3b794bad2a,xxx.pw,premium,749.17,1498.33,high,medium,3,name.com,,,
4c5e7982-1de9-43bb-870f-a8351d1dcda5,gourmet.pw,premium,302.5,302.5,high,low,7,namesilo,,,24/09/2026 14:33
fe0a0c39-5358-44f8-9b42-343192b00a8f,ocular.pw,available,3.99,24.49,high,low,6,namesilo,,,04/09/2026 00:41
901423c6-d691-423d-9c9c-fa600e85a045,vegetative.pw,available,3.99,24.49,medium,low,10,namesilo,,,13/09/2026 01:44
4bfdc76f-fe70-47bc-84aa-efc547d2faed,urbanized.pw,available,3.99,24.49,medium,low,9,namesilo,,,12/09/2026 23:29
34f14a86-43ff-49af-b40b-aebff09135d2,aliraq.pw,available,3.99,24.49,medium,low,7,namesilo,,,18/09/2026 00:54
4d836c86-21b9-4e6f-b5ee-382f8867fd64,helium.pw,resell,,,high,low,6,"Xiamen ChinaSource Internet Service Co., Ltd",20/05/2024 01:36,20/05/2034 23:59,26/09/2026 06:38
2a90dbfd-e337-4fa8-8c0d-1b10d8c0bc7a,negroid.pw,available,3.99,24.49,medium,low,7,namesilo,,,03/09/2026 15:14
beee4131-d0bc-4e48-b4c6-195d579a8dd2,disunite.pw,available,3.99,24.49,medium,low,8,namesilo,,,14/08/2026 11:14
5691d439-6ab7-4a55-a215-7fc68cc80771,insular.pw,available,3.99,24.49,medium,low,7,namesilo,,,22/08/2026 07:38
ee6ee66f-239c-4849-a3e7-be9eddb53b55,kingdom.pw,resell,,,high,low,7,"Xiamen ChinaSource Internet Service Co., Ltd",08/11/2023 11:05,08/11/2033 23:59,26/09/2026 07:05
7a7c011d-4758-40a6-b169-f0a28e61778d,overage.pw,available,6.98,20.48,high,low,7,namecheap,,,04/09/2026 19:59
4e1be6ca-283e-4d31-b7de-d20d1edf3e91,editorial.pw,available,3.99,24.49,high,low,9,namesilo,,,15/08/2026 11:07
832eac14-8820-41f3-a734-de209f1fd77f,alkalizer.pw,available,3.99,24.49,medium,low,9,namesilo,,,
ff57a805-36ea-4d46-943e-f6ab7e83bfd1,lobby.pw,available,3.99,24.49,high,low,5,namesilo,,,
6b6b4e35-5e31-415e-8ede-2ccaa8374085,antiquary.pw,available,6.98,20.48,medium,low,9,namecheap,,,
4096e33a-d45a-4ca8-9569-82d5ca0a1193,fondness.pw,available,3.99,24.49,high,low,8,namesilo,,,17/09/2026 14:17
a5644270-daac-45d5-aaf5-9e8ab3fc43db,superstar.pw,premium,130,130,high,low,9,namecheap,,,21/09/2026 17:56
9d8a6d2f-f139-439b-b3ca-591a5c11a329,bakshish.pw,available,3.99,24.49,high,low,8,namesilo,,,21/09/2026 15:53
aabbb029-0a9b-4a10-9e79-2c8c3a25fed4,pyrogen.pw,available,3.99,24.49,medium,low,7,namesilo,,,09/09/2026 07:01
76c8a075-3691-4224-867e-3604d831aae5,staff.pw,premium,302.5,302.5,high,low,5,namesilo,,,25/09/2026 22:20
387e43cc-8b40-4c48-9ef1-ccc2f922a399,egoistic.pw,available,3.99,24.49,medium,low,8,namesilo,,,15/08/2026 18:54
8b8f06ba-4ab6-4268-a94b-e31f4935e9be,flukey.pw,available,3.99,24.49,medium,low,6,namesilo,,,18/08/2026 09:20
d6ce19ce-e77c-4980-9955-ae44cf07aab3,danceable.pw,available,29.99,29.99,medium,low,9,name.com,,,13/08/2026 16:59
9942d1a7-f8c1-4aee-a21b-d247ed427199,hussein.pw,available,3.99,24.49,medium,low,7,namesilo,,,25/09/2026 07:40
1dcc3d04-8bb9-48ad-bb9c-09d2789cccdb,spue.pw,available,3.99,24.49,high,medium,4,namesilo,,,10/09/2026 07:40
7aebc789-37e4-4046-999d-961f3a539d0f,snidely.pw,available,3.99,24.49,low,low,7,namesilo,,,16/09/2026 03:18
b1cb6be8-75a4-47df-879e-3b168575cefb,trice.pw,available,3.99,24.49,medium,low,5,namesilo,,,22/08/2026 07:32
7a7dec1c-6c64-4eac-a521-abbf4876e719,terrorist.pw,available,3.99,24.49,medium,low,9,namesilo,,,25/09/2026 10:50
4e4d15b3-6400-42d5-b044-077c1a1bf94e,loosely.pw,available,3.99,24.49,medium,low,7,namesilo,,,
53045982-d669-48cc-a754-0e20ba30d8bd,profound.pw,available,3.99,24.49,high,low,8,namesilo,,,
a9122784-d54b-462c-8237-44272a6507af,sanguine.pw,available,6.98,20.48,high,medium,8,namecheap,,,09/09/2026 19:18
3d86c650-b3b0-4058-951f-dc04d73ba573,cynicism.pw,available,6.98,20.48,medium,low,8,namecheap,,,24/09/2026 20:49
62436f8b-d41e-47ab-908b-28308365a83e,nescience.pw,available,3.99,24.49,medium,low,9,namesilo,,,12/09/2026 14:26
c0a3fb6e-9bb1-4dbf-a8b2-4310abb8e614,advisedly.pw,available,3.99,24.49,medium,low,9,namesilo,,,13/09/2026 17:38
1ab161e8-d41c-478f-891a-34e4f25601fa,striped.pw,available,3.99,24.49,high,low,7,namesilo,,,10/09/2026 22:44
b3c566c1-f62a-477d-884b-df68d2e4b84e,gonzalez.pw,premium,130,130,high,low,8,namecheap,,,25/09/2026 16:13
f1209954-2b64-40d5-b09a-ef84d70c2a5b,esthesia.pw,available,6.98,20.48,medium,low,8,namecheap,,,17/09/2026 13:25
c360512c-2c1d-4e80-80b3-3f92025fdbe3,captivated.pw,available,3.99,24.49,medium,low,10,namesilo,,,09/08/2026 09:52
a999c961-91ef-465c-85ea-8f66cf2b131b,inaugural.pw,available,3.99,24.49,high,low,9,namesilo,,,22/08/2026 00:37
8b5a09e0-367c-4ed1-92c5-b6811f68ddd7,apace.pw,available,6.98,20.48,medium,low,5,namecheap,,,13/09/2026 20:22
d8995be4-07a0-468e-8924-e6769c157dbd,monk.pw,premium,74.92,149.83,high,low,4,name.com,,,25/08/2026 04:11
d178b6b7-a2f9-47df-b7a3-3564c48267e2,starred.pw,available,3.99,24.49,medium,low,7,namesilo,,,07/08/2026 08:52
819c6144-b324-47dc-beea-e58e27f83b27,vaporing.pw,available,3.99,24.49,medium,low,8,namesilo,,,11/08/2026 00:58
b63980e3-418e-4a61-acd3-a2b187bf4c0c,jump.pw,premium,1107,1107,high,low,4,namesilo,,,22/09/2026 02:34
ad610296-eb49-41df-9b7f-04a349dc5be7,wilsonian.pw,available,3.99,24.49,medium,low,9,namesilo,,,13/09/2026 12:02
521b122c-e33d-45ee-a0d5-0b9a86d5f753,siris.pw,available,3.99,24.49,high,low,5,namesilo,,,18/09/2026 03:05
5bb1051c-0ffe-4c23-98a1-563a7cb9ebf3,himself.pw,available,3.99,24.49,medium,low,7,namesilo,,,
2242d03e-1975-4f44-a85b-67b4cd682e22,sag.pw,premium,187.29,,high,low,3,name.com,,,
ae197eba-dc8b-4444-b72a-d4f5f3ecb581,coherently.pw,available,3.99,24.49,medium,low,10,namesilo,,,
8574c68c-18f0-4dc1-98e5-a6e5c1f2c0a2,sills.pw,available,3.99,24.49,high,low,5,namesilo,,,23/09/2026 06:04
f63eb0d9-355d-4e70-9b23-5275882f83a3,testate.pw,available,3.99,24.49,medium,low,7,namesilo,,,11/09/2026 12:00
fca373c0-a5fa-4f0f-be88-8286fdd6b1c5,seaworthy.pw,available,3.99,24.49,high,low,9,namesilo,,,10/09/2026 01:05
bb67bbf5-f1e1-41c5-a6ed-042c446e798a,freshly.pw,resell,,,high,low,7,"GoDaddy.com, LLC",07/07/2026 19:45,07/07/2027 19:45,26/09/2026 06:15
0f6f3a88-20d2-49ba-bcc8-70a19808f815,prate.pw,available,3.99,24.49,medium,low,5,namesilo,,,23/09/2026 23:29
192d7769-2fed-490c-98fb-73878b98cecd,parliamentary.pw,available,3.99,24.49,medium,low,13,namesilo,,,
a88fb23a-741f-4d8a-881e-f39680f4ac8d,strict.pw,available,3.99,24.49,medium,low,6,namesilo,,,21/08/2026 00:17
e4512d37-ede7-4ccd-97f0-30faccde29b2,uprightly.pw,available,3.99,24.49,medium,low,9,namesilo,,,15/09/2026 01:06
c3c8006f-c91a-413b-91c2-098de6f461f6,theist.pw,available,3.99,24.49,medium,low,6,namesilo,,,11/09/2026 12:37
da333b49-8a06-4997-988b-d0991d01dabf,matutinal.pw,available,3.99,24.49,medium,low,9,namesilo,,,24/08/2026 17:33
2dfbfd76-516f-4e41-8412-757389fde617,network.pw,resell,,,high,medium,7,"Chengdu West Dimension Digital Technology Co., Ltd.",26/01/2024 17:18,26/01/2027 23:59,27/09/2026 01:58
c5b2a08d-587e-4253-aea6-52c7546cfc30,raw.pw,resell,,,high,low,3,"Xiamen ChinaSource Internet Service Co., Ltd",19/01/2025 02:09,19/01/2035 23:59,26/09/2026 08:30
a3bd6a0a-dc9e-4e31-92ce-2156eb4cb4ee,icebound.pw,available,3.99,24.49,medium,low,8,namesilo,,,21/08/2026 17:43
c3d7e2a4-4ef7-433c-8616-f17d5c5d8483,avarice.pw,available,3.99,24.49,medium,low,7,namesilo,,,21/09/2026 08:42
2c9e903e-14b8-4c0c-983b-488a7dfcfd9d,pictorial.pw,available,3.99,24.49,high,low,9,namesilo,,,23/08/2026 01:46
6fe172b4-30a4-4bdc-a3a4-bbedf97e6ddb,prodigious.pw,available,6.98,20.48,high,low,10,namecheap,,,12/08/2026 17:58
9244d52f-6c02-4a99-9f16-fc72688ad65f,brash.pw,available,3.99,24.49,medium,low,5,namesilo,,,11/08/2026 02:25
f494b51f-5501-4272-9852-be7a3d588ca4,bugged.pw,available,3.99,24.49,medium,low,6,namesilo,,,23/09/2026 10:21
cbf8f3fc-12cf-4790-a838-6b993efdd474,correlated.pw,available,3.99,24.49,high,low,10,namesilo,,,13/08/2026 02:01
59d39536-e3e6-43f0-ba89-e163e68d8cd3,simulate.pw,resell,,,high,low,8,"GoDaddy.com, LLC",07/07/2026 03:16,07/07/2027 03:16,26/09/2026 09:02
415708b6-7ada-4fcd-9117-2348360584f0,derelict.pw,available,3.99,24.49,high,low,8,namesilo,,,21/09/2026 13:39
511ee37a-c215-4eae-8687-47728a85211c,printable.pw,premium,187.29,,high,low,9,name.com,,,
2c8e9fb1-5e25-4c69-b258-23b4c072d37e,bare.pw,available,3.99,24.49,high,low,4,namesilo,,,22/09/2026 11:54
1b270336-88cf-4147-b80f-c47a18428ef3,echoic.pw,available,3.99,24.49,medium,low,6,namesilo,,,14/08/2026 23:34
0459837d-4159-49e9-b25b-adb541a18192,bleat.pw,available,3.99,24.49,medium,low,5,namesilo,,,10/08/2026 13:37
53d31b6d-0465-4539-bdf5-e931b4fdded0,sterope.pw,available,3.99,24.49,low,low,7,namesilo,,,20/09/2026 17:14
816cd306-9405-4168-abd2-668e500e14e3,resistance.pw,resell,,,high,low,10,"GoDaddy.com, LLC",31/05/2026 01:50,31/05/2027 01:50,26/09/2026 08:37
558a5bfc-a208-4a8e-8a77-a9284cd3f11f,adps.pw,available,3.99,24.49,medium,low,4,namesilo,,,17/09/2026 09:53
b915074c-67b8-40d8-bef9-8f66c177a95b,brass.pw,premium,187.29,,high,low,5,name.com,,,
46a498b2-c5f0-4e0f-98fa-2ac0675dda37,reasons.pw,available,6.98,20.48,medium,low,7,namecheap,,,25/09/2026 20:13
c2acc9b6-e32a-4835-b688-3da7f55a0066,loftily.pw,available,3.99,24.49,medium,low,7,namesilo,,,15/09/2026 12:38
26aef8e7-e8bd-4149-a29b-c7314fc1dabd,xavier.pw,resell,,,high,low,6,"GoDaddy.com, LLC",20/06/2026 06:40,20/06/2027 06:40,26/09/2026 10:14
085770a3-fded-4fb2-a698-b4057222515d,annona.pw,available,3.99,24.49,medium,low,6,namesilo,,,19/09/2026 10:30
f8842c01-cf9a-4c43-a355-00e2f88545ec,fourscore.pw,available,6.98,20.48,medium,low,9,namecheap,,,
6673cae7-625b-42e5-982e-81340840b794,impervious.pw,available,3.99,24.49,medium,low,10,namesilo,,,21/08/2026 22:19
df7445a6-32f6-4e49-ac1c-b1c090491ec2,fairish.pw,available,6.98,20.48,medium,low,7,namecheap,,,17/08/2026 21:12
10c7d2a8-694d-4bcd-bef9-128cc28b9535,derisory.pw,available,3.99,24.49,low,low,8,namesilo,,,14/08/2026 02:56
9780917a-0f12-4a86-93f3-1a7c8d0f36e8,foreboding.pw,available,3.99,24.49,medium,low,10,namesilo,,,18/08/2026 11:32
b3d23168-dd35-4920-ae5f-0f7209c6c9fc,unquestionable.pw,available,20.48,,medium,low,14,namecheap,,,
2a5533a3-a8d5-4b30-8ffc-772c184dadd4,crown.pw,resell,,,high,medium,5,"Xiamen ChinaSource Internet Service Co., Ltd",10/10/2024 01:46,10/10/2034 23:59,26/09/2026 05:20
869d6ddb-0abb-4e98-9d8a-64245a4b9c64,aleve.pw,available,3.99,24.49,medium,low,5,namesilo,,,17/09/2026 15:07
3c3f04d5-3a2b-45d7-b5a0-641fef8196f2,receptive.pw,available,3.99,24.49,high,low,9,namesilo,,,09/09/2026 11:23
f92127d6-2ec4-469c-bce9-e6ab2d684271,repentant.pw,available,3.99,24.49,medium,low,9,namesilo,,,08/09/2026 14:32
6541740a-0848-40b4-8190-f3acf257d886,protrude.pw,available,3.99,24.49,high,low,8,namesilo,,,08/09/2026 23:44
3993d2f7-8fa0-44be-bd8c-548eb52eea23,frontal.pw,available,3.99,24.49,high,low,7,namesilo,,,18/08/2026 16:15
a01d1e7b-292b-4823-90f5-09b88dda52d3,barcarole.pw,available,3.99,24.49,medium,low,9,namesilo,,,22/09/2026 05:06
44f07c8e-fffc-4056-9378-5f93f2cc8f3e,dodgy.pw,available,3.99,24.49,high,low,5,namesilo,,,12/08/2026 01:46
da73f097-ebb5-4206-871c-19b9ca3468a5,turbid.pw,available,3.99,24.49,medium,low,6,namesilo,,,25/08/2026 01:10
4ac10130-0332-46a9-8e1d-9428372bf275,hock.pw,available,3.99,24.49,high,low,4,namesilo,,,09/09/2026 16:33
1add8c29-8db8-4377-bdda-6f45991be74e,gaunt.pw,available,6.98,20.48,medium,low,5,namecheap,,,10/08/2026 18:54
54b67fd0-078c-4010-b17a-8333e772595f,ochre.pw,available,3.99,24.49,high,low,5,namesilo,,,04/09/2026 00:33
afe6fcef-7885-4a70-85f0-8fd94d5a267c,adsorption.pw,available,3.99,24.49,medium,low,10,namesilo,,,17/09/2026 10:05
b5b72592-7312-4c78-b790-b2001106b04e,winsome.pw,available,3.99,24.49,high,low,7,namesilo,,,13/09/2026 12:37
1c5be2ef-3b79-4efb-a185-69349ad2b4e3,riot.pw,premium,130,130,high,low,4,namecheap,,,24/09/2026 13:04
e979cfc4-68fc-468a-bfa9-0fa2026e585d,antimony.pw,available,3.99,24.49,medium,low,8,namesilo,,,19/09/2026 14:45
bf270826-0095-4d12-8149-f12c9d948589,layman.pw,available,3.99,24.49,medium,low,6,namesilo,,,10/09/2026 01:24
fdab1dd3-3b22-4665-b3bb-c3b028d68044,adroit.pw,available,6.98,20.48,high,low,6,namecheap,,,21/09/2026 19:49
c2c7e911-f12b-4d7a-929a-1b93e379d8c4,waterborne.pw,available,3.99,24.49,medium,low,10,namesilo,,,13/09/2026 08:36
313fce0b-7050-423a-84ab-e268380ffabf,rusted.pw,available,6.98,20.48,medium,low,6,namecheap,,,09/09/2026 20:17
965d3c1c-9e23-4c74-af7f-632048c1faf0,jovian.pw,available,3.99,24.49,medium,low,6,namesilo,,,22/08/2026 14:02
70bb1d60-9fab-4283-944b-3f337fa9b2d1,roseola.pw,available,3.99,24.49,high,medium,7,namesilo,,,09/09/2026 10:27
aeaa3246-ad21-4edb-9399-cee7eff46c38,afflatus.pw,available,3.99,24.49,medium,low,8,namesilo,,,17/09/2026 14:39
3c2728ed-1896-4b62-a321-c06bb6ca14fb,maze.pw,premium,187.29,,high,low,4,name.com,,,
367930ed-88c7-481e-83ed-c9dfacf6bc86,summative.pw,available,3.99,24.49,medium,low,9,namesilo,,,11/09/2026 01:36
fafec627-6013-47c9-bc8b-1a0e087d382c,pencilled.pw,available,3.99,24.49,medium,low,9,namesilo,,,08/09/2026 13:59
5ac94d41-fbd2-4d2c-b596-9bf99966f827,sheepdog.pw,available,20.48,,high,low,9,namecheap,,,
ed086508-0c51-4693-a989-09bd231fa1ac,interpersonal.pw,available,3.99,24.49,high,low,13,namesilo,,,
478c9920-3161-40cb-96df-154149f9364b,berne.pw,available,3.99,24.49,medium,low,5,namesilo,,,23/09/2026 09:45
578a6770-836a-41d5-8799-c0127cac7916,repellant.pw,available,3.99,24.49,medium,low,9,namesilo,,,14/08/2026 10:41
52e57dad-827e-4325-9bd1-074725bfeba8,carefree.pw,available,6.98,20.48,high,medium,8,namecheap,,,11/08/2026 19:01
f4705caa-0471-43bc-a526-8be7f9477e9d,chervil.pw,available,3.99,24.49,medium,low,7,namesilo,,,19/09/2026 13:55
ed743be2-3571-4c91-8b66-8670baafd62a,fireball.pw,resell,,,high,low,8,"GoDaddy.com, LLC",31/05/2026 00:33,31/05/2027 00:33,26/09/2026 06:05
13304640-e5ff-4ac1-83de-fc57910db6bb,arginine.pw,available,3.99,24.49,medium,low,8,namesilo,,,20/09/2026 04:24
6472f18d-7779-49aa-b972-6d212977e7f4,introspection.pw,available,3.99,24.49,high,low,13,namesilo,,,17/09/2026 06:54
846f5d1e-47f8-451f-a37b-8ea5f60f7191,muggy.pw,available,3.99,24.49,medium,low,5,namesilo,,,03/09/2026 10:31
35ebf6fe-f8c6-4e9a-9f69-b40b865ce0c9,vindicator.pw,available,6.98,20.48,medium,low,10,namecheap,,,19/09/2026 18:48
3acf35d2-7dfe-4dae-a785-3f324127a31d,reversive.pw,available,3.99,24.49,medium,low,9,namesilo,,,09/09/2026 16:11
4187de67-06e7-4b4e-a8dd-70b6f7fe2a71,cockup.pw,available,3.99,24.49,medium,low,6,namesilo,,,21/09/2026 23:29
15677ac7-2f45-4b78-84a0-7571ce189327,malt.pw,premium,74.92,149.83,high,low,4,name.com,,,24/08/2026 14:13
57de3988-ae6e-40f9-bd44-492a78d70552,withering.pw,available,3.99,24.49,medium,low,9,namesilo,,,
4dda4929-ef4d-448f-8899-30370f3638a5,bawling.pw,available,3.99,24.49,medium,low,7,namesilo,,,13/09/2026 07:42
d736f8ba-4ccb-401a-9391-56f15d9667a9,glued.pw,available,3.99,24.49,high,low,5,namesilo,,,20/08/2026 15:12
dc8c6279-304a-4dc2-bb6c-89d58c8dcc58,cannibal.pw,available,3.99,24.49,medium,low,8,namesilo,,,19/09/2026 13:56
20dbfc59-7f81-4c11-b1f1-1095dd333c11,aralia.pw,available,6.98,20.48,medium,low,6,namecheap,,,19/09/2026 23:52
04a85fb8-64a5-47cc-8a59-1fc3f2e49efe,prefrontal.pw,available,3.99,24.49,high,medium,10,namesilo,,,09/09/2026 01:37
e7c8a7d6-ad56-4d5d-88ca-c4ecd1171d88,manila.pw,premium,374.58,,high,low,6,name.com,,,
be34f958-a331-473e-a892-ee05407edad5,reanimated.pw,available,3.99,24.49,medium,low,10,namesilo,,,09/09/2026 10:58
be443528-7295-491c-81a6-955d404ec641,supposedly.pw,available,3.99,24.49,medium,low,10,namesilo,,,
8bfa5cfc-3eef-492b-8aee-43e5615d3608,unstated.pw,available,3.99,24.49,medium,low,8,namesilo,,,12/09/2026 09:45
84add1b6-3019-4cea-90a5-bb57cbadfce0,lafayette.pw,available,,,high,low,9,,,,
174574ad-755c-482a-a449-35dbb4d13341,lento.pw,available,3.99,24.49,medium,low,5,namesilo,,,22/08/2026 23:53
986c14c8-66d0-48f4-89ed-c74f5f6797f9,dart.pw,premium,74.92,149.83,high,low,4,name.com,,,18/08/2026 07:49
98852c97-fa20-4d7a-a265-00b8f989f5fc,economy.pw,premium,116,116,high,low,7,namesilo,,,08/09/2026 12:29
0aea88cd-7d32-4441-b297-9cb250191390,arkansan.pw,available,3.99,24.49,medium,low,8,namesilo,,,20/09/2026 06:11
103a50da-36d4-403f-bb96-02eb18ca448f,analogist.pw,available,6.98,20.48,medium,low,9,namecheap,,,19/09/2026 01:52
65f2b9ef-c856-4ab3-ac46-e3250625cf95,perforate.pw,available,3.99,24.49,high,low,9,namesilo,,,08/09/2026 16:54
f875670b-f9e3-4598-937a-c67595533a8a,abeyance.pw,available,3.99,24.49,medium,low,8,namesilo,,,16/09/2026 15:20
d07cc73a-0b4e-4543-9632-117ec4d37fb7,reedlike.pw,available,3.99,24.49,high,medium,8,namesilo,,,09/09/2026 12:27
a39f7d07-c067-4544-9f49-e4d7f69e5d04,annulment.pw,available,3.99,24.49,medium,low,9,namesilo,,,16/09/2026 17:16
74e609a5-ea69-41b5-8514-56eb5d621203,amiable.pw,available,6.98,20.48,high,low,7,namecheap,,,21/09/2026 21:32
c74471c9-8bd0-47fb-88b1-0819b7d0e6dd,agrigento.pw,available,3.99,24.49,medium,low,9,namesilo,,,17/09/2026 02:44
9d6c1da8-c3c4-408c-a475-951aec043927,capped.pw,available,6.98,20.48,medium,low,6,namecheap,,,11/08/2026 18:02
be60b897-4231-4236-90e0-c5d815f7cceb,textured.pw,available,3.99,24.49,medium,low,8,namesilo,,,12/08/2026 14:07
5b068238-552b-40fd-9bda-5a418892c45e,toon.pw,resell,,,high,low,4,"GoDaddy.com, LLC",14/07/2026 20:30,14/07/2027 20:30,26/09/2026 09:40
3d12f920-7b19-4410-9590-2d4392b107ec,avocet.pw,available,3.99,24.49,medium,low,6,namesilo,,,21/09/2026 09:44
c09c9268-31c5-4f20-bbe2-0b8bfe9af0c3,coventry.pw,premium,325,325,medium,low,8,namecheap,,,22/09/2026 02:09
b3367bcd-289e-4646-aa7e-78b50af45d71,moresque.pw,available,3.99,24.49,medium,low,8,namesilo,,,25/08/2026 06:01
eb974d4e-0771-4ad3-bce9-cd37cb8b4c40,bangalore.pw,premium,302.5,302.5,high,low,9,namesilo,,,22/09/2026 01:45
c85e2999-9b02-41d9-a2e3-e39814c65a4c,our.pw,resell,,,high,medium,3,PDR Ltd. d/b/a PublicDomainRegistry.com,25/03/2013 10:00,25/03/2027 23:59,26/09/2026 07:57
bf13becc-4615-4249-b2ab-727d15d0399f,belloc.pw,available,3.99,24.49,medium,low,6,namesilo,,,23/09/2026 06:16
6a3afdb6-353c-47a4-b51e-80b1cf22d40f,wizened.pw,available,3.99,24.49,high,medium,7,namesilo,,,10/09/2026 07:00
7e8ce4b4-6cd2-46bb-a2cb-d8ff652468ef,nominal.pw,available,6.98,20.48,high,low,7,namecheap,,,03/09/2026 18:17
98624cd6-f8de-45d3-a312-f0ab7dbb0d09,chapped.pw,available,3.99,24.49,medium,low,7,namesilo,,,12/08/2026 02:20
c374f52f-b418-4b3c-b84a-80832dfbba3c,shortfall.pw,available,3.99,24.49,high,low,9,namesilo,,,
482a6139-b9a4-4780-bc69-bbdccac4bfe9,unspoilt.pw,available,3.99,24.49,high,low,8,namesilo,,,12/09/2026 07:10
0e729c27-91fb-468e-9547-240bbccad968,alary.pw,available,3.99,24.49,medium,low,5,namesilo,,,
46fa237f-4e89-4b9d-923f-e961903d6eb0,whammy.pw,available,3.99,24.49,medium,low,6,namesilo,,,21/08/2026 07:39
05f7d1d2-fbb9-40ff-b431-2e549d8c27b3,pacemaker.pw,available,3.99,24.49,high,low,9,namesilo,,,20/09/2026 11:42
c70c7eb4-9864-4bb4-a948-d200b5279794,government.pw,premium,3450,3450,high,low,10,namesilo,,,24/09/2026 22:50
788c6efc-82ef-4ff0-ac40-18631fced668,shower.pw,premium,1872.92,3745.83,high,low,6,name.com,,,22/08/2026 21:17
3135ecb1-74ba-485b-bc8a-95416364a769,midwestern.pw,available,3.99,24.49,high,low,10,namesilo,,,24/08/2026 22:41
99357275-c8e0-4013-96f4-fafdba36692c,sony.pw,available,3.99,24.49,high,medium,4,namesilo,,,
b8840621-e4d0-4b16-bee2-e366f9c2bef5,quinn.pw,resell,,,high,low,5,"GoDaddy.com, LLC",07/07/2026 13:22,07/07/2027 13:22,26/09/2026 08:27
d80078c1-af1a-44b8-9fdd-7c240a1c64db,bobtail.pw,available,3.99,24.49,high,low,7,namesilo,,,10/08/2026 16:39
2af44de8-9223-4fea-8775-a208090f0844,dreyfus.pw,available,6.98,20.48,high,low,7,namecheap,,,18/09/2026 06:30
44b19a25-0abf-46c9-b6a4-341fd6ac7a73,avulsion.pw,available,3.99,24.49,medium,low,8,namesilo,,,21/09/2026 09:54
8222782b-44e5-405a-a153-f0fa65d58743,cup.pw,resell,,,high,low,3,PDR Ltd. d/b/a PublicDomainRegistry.com,25/03/2013 10:00,25/03/2027 23:59,26/09/2026 05:22
9057bb41-78c2-4077-a9b6-395828eb12b2,irate.pw,available,3.99,24.49,medium,low,5,namesilo,,,22/08/2026 09:44
0b1ec027-9b75-4d50-aa20-4be2a9646523,cutthroat.pw,available,3.99,24.49,high,medium,9,namesilo,,,10/08/2026 23:02
4506d240-8e7f-45a2-8eec-bc0cf050f05f,blemish.pw,available,3.99,24.49,high,low,7,namesilo,,,24/09/2026 05:30
9848166d-ac36-4373-b9b3-1a5e49cd078a,lugosi.pw,available,3.99,24.49,medium,low,6,namesilo,,,23/09/2026 04:23
c269e787-e8e4-4a77-b897-a8ef1104513e,quits.pw,available,6.98,20.48,high,low,5,namecheap,,,09/09/2026 09:02
ebcf5bc0-83ce-4dd9-89fc-d2dcbb68add5,sequence.pw,resell,,,high,low,8,"GoDaddy.com, LLC",31/05/2026 02:51,31/05/2027 02:51,26/09/2026 08:55
316f774b-9bea-47e7-9d3f-dd372955f42d,arariba.pw,available,3.99,24.49,medium,low,7,namesilo,,,20/09/2026 00:13
092cde9b-f236-4ab2-a001-cb1fe7c0f5c3,country.pw,premium,374.58,,high,low,7,name.com,,,
7a6999b2-8a83-4173-8d6d-8b00939cc9e6,humiliated.pw,available,3.99,24.49,medium,low,10,namesilo,,,21/08/2026 15:03
67599225-4b37-4206-a403-675ef83f4afe,worst.pw,available,,,medium,low,5,,,,
917701f5-99c6-40ed-936c-b5e9022a96de,centesimal.pw,available,3.99,24.49,medium,low,10,namesilo,,,
6df4bad9-d4a0-401b-85f0-1d27ffeaf2b3,measly.pw,available,6.98,20.48,medium,low,6,namecheap,,,24/08/2026 18:23
7760add6-94d6-4e3b-8835-2d89aafc3bfe,unfenced.pw,available,3.99,24.49,medium,low,8,namesilo,,,12/09/2026 10:10
64df3f30-3446-469d-91e3-934fd201240e,distributions.pw,available,3.99,24.49,medium,low,13,namesilo,,,25/09/2026 21:52
487e60df-cc2a-47e9-b5a6-43b050ff30c5,civilly.pw,available,3.99,24.49,medium,low,7,namesilo,,,14/09/2026 06:57
81410e62-13e3-45d5-8075-0242c9124d64,crocked.pw,available,3.99,24.49,low,low,7,namesilo,,,09/08/2026 15:34
8abacf1c-6cea-4d10-8806-1a4e4b77020d,list.pw,premium,3250,3250,high,low,4,namecheap,,,25/09/2026 13:18
e7b614cf-3a77-41e3-a300-bd6229cb4891,lxiii.pw,available,3.99,24.49,medium,low,5,namesilo,,,
e2645009-c6c5-4ac5-b45d-8611ac705d13,redness.pw,available,3.99,24.49,high,medium,7,namesilo,,,09/09/2026 12:08
5dafd036-626d-45ba-946a-eb2c881eedfc,dimmed.pw,available,3.99,24.49,medium,low,6,namesilo,,,14/08/2026 08:08
eb690fee-363c-4945-b755-5bd635d09488,irani.pw,available,3.99,24.49,high,low,5,namesilo,,,22/08/2026 09:42
392eb174-1cb2-4ac1-9916-f000f857e3dc,anseres.pw,available,6.98,20.48,medium,low,7,namecheap,,,19/09/2026 12:08
9836e502-536f-4e76-a204-895f9551086c,elliptical.pw,available,3.99,24.49,high,low,10,namesilo,,,15/08/2026 18:01
32eccf90-c366-427e-9d74-3c7d1a6aa65c,adjustment.pw,available,3.99,24.49,high,low,10,namesilo,,,18/08/2026 05:52
31734b5b-02aa-4570-9806-1ee8e7834a7d,gaily.pw,available,6.98,20.48,medium,low,5,namecheap,,,14/09/2026 20:57
ec480479-f779-43af-b00f-6fade730a056,earlyish.pw,available,3.99,24.49,medium,low,8,namesilo,,,14/08/2026 22:29
4165bbe2-9e08-4f0a-9137-5de6805d3545,encomium.pw,available,3.99,24.49,high,low,8,namesilo,,,05/09/2026 00:40
e18a5810-1398-4ae2-84b4-cc661db9ab9d,daring.pw,available,,,high,low,6,,,,
75e0e7a1-8fb5-48fd-970c-2c1c0b2d1808,boss.pw,premium,650,650,high,high,4,namecheap,,,23/09/2026 00:45
f1fa878e-0933-4b33-bac7-0bf930ebc064,democratic.pw,available,6.98,20.48,high,low,10,namecheap,,,24/09/2026 05:46
d5c0ba35-4d65-4005-91fe-7da6491d9692,returned.pw,available,3.99,24.49,high,low,8,namesilo,,,
76645d24-249a-4314-8a56-14258304f4ce,flavourful.pw,available,3.99,24.49,medium,low,10,namesilo,,,18/08/2026 07:06
7a443cc2-1e1c-482a-96a2-3d2b219e0b91,clxx.pw,available,3.99,24.49,medium,low,4,namesilo,,,
2b53fd20-6cbf-4e80-8155-f986040b9adb,unprovoked.pw,available,3.99,24.49,medium,low,10,namesilo,,,25/08/2026 07:52
ab354b84-5c00-49aa-986b-2929e035021d,comedo.pw,available,6.98,20.48,medium,low,6,namecheap,,,24/09/2026 02:47
c94d7399-0801-4762-a564-04af9c907c10,preachy.pw,available,3.99,24.49,high,medium,7,namesilo,,,09/09/2026 01:07
f87f9aff-a496-4654-a4ca-c58ea0bfada4,spry.pw,resell,,,high,low,4,"GoDaddy.com, LLC",27/06/2026 05:31,27/06/2027 05:31,26/09/2026 09:14
f989c1f6-a24a-42a5-bb30-48c4a267d489,hovers.pw,available,3.99,24.49,medium,low,6,namesilo,,,21/09/2026 10:26
ecb34fce-4c95-46cf-b451-1e13bd67ce2f,postscript.pw,available,3.99,24.49,high,low,10,namesilo,,,17/09/2026 06:45
a2e1fa76-a868-4250-9c5b-b11747dae614,accepted.pw,available,6.98,20.48,high,low,8,namecheap,,,21/09/2026 15:25
c929d81f-78f1-4064-a734-dfce7d84341b,warranty.pw,premium,374.58,,high,low,8,name.com,,,
2a0a467b-4284-42bc-8c02-eb91a7697e70,nonvisual.pw,available,6.98,20.48,medium,low,9,namecheap,,,03/09/2026 21:06
24c300e8-edb7-4a1f-9471-439a36043978,barbeque.pw,available,3.99,24.49,high,low,8,namesilo,,,
e21b0e65-3fb6-4371-8fc7-441e516471d3,cycling.pw,premium,302.5,302.5,high,low,7,namesilo,,,24/09/2026 20:45
04c2ef48-507a-4bc4-b910-7a30ae36fb06,ammeter.pw,available,3.99,24.49,medium,low,7,namesilo,,,18/09/2026 22:00
1777224e-7d6a-4133-95a8-180420ec1ae9,arbitrary.pw,available,3.99,24.49,high,low,9,namesilo,,,06/08/2026 12:54
5e1734e9-b0f4-4055-8568-48ce217db3e1,mccormick.pw,premium,130,130,high,low,9,namecheap,,,25/09/2026 04:30
9bc35bf7-185f-4bd3-b936-d782139d2e95,sane.pw,resell,,,high,low,4,"GoDaddy.com, LLC",27/06/2026 05:31,27/06/2027 05:31,26/09/2026 08:48
364c6376-c07d-43e6-a351-42acf252812c,defined.pw,resell,3.99,24.49,high,low,7,"GoDaddy.com, LLC",04/07/2026 05:45,04/07/2027 05:45,26/09/2026 05:28
fd4bc969-3f65-465d-beb5-67234f8979d8,handwoven.pw,available,3.99,24.49,medium,low,9,namesilo,,,20/08/2026 23:19
f66d33f8-93d2-4057-9bed-ed31678b4bd9,neoclassic.pw,available,3.99,24.49,medium,low,10,namesilo,,,03/09/2026 15:21
542e2e51-afbe-49e4-a235-528065e628b3,noisome.pw,available,3.99,24.49,medium,low,7,namesilo,,,18/08/2026 02:29
48644414-f63e-4d05-8752-e35c8ada41d7,company.pw,premium,640,640,high,low,7,namesilo,,,25/09/2026 06:27
56ae1cfa-801b-438a-90f6-8ad134c486c2,brad.pw,resell,,,high,low,4,"GoDaddy.com, LLC",11/06/2026 16:17,11/06/2027 16:17,26/09/2026 04:35
48fd4271-710e-4217-a74e-47c4d4624526,sharpened.pw,available,3.99,24.49,high,medium,9,namesilo,,,10/09/2026 06:03
f0258ce8-9d28-4083-bb4d-995e432f47c9,sculpture.pw,premium,187.29,374.58,high,low,9,name.com,,,20/08/2026 18:45
267d1a37-f130-4bca-9a14-047b30d955a1,hoary.pw,available,6.98,20.48,medium,low,5,namecheap,,,20/08/2026 19:20
9c984034-90e0-45a7-8f1b-ba2c460c4d73,forested.pw,available,3.99,24.49,high,low,8,namesilo,,,18/08/2026 11:43
26b14452-9d44-4377-b2ea-303b6097f506,repellent.pw,available,3.99,24.49,medium,low,9,namesilo,,,14/08/2026 10:39
7999dab5-72ad-4946-9f24-13cf9ccbaa2f,laxly.pw,available,3.99,24.49,low,low,5,namesilo,,,15/09/2026 11:08
142788fd-3155-4d25-8156-65155d8235c5,ossiculate.pw,available,6.98,20.48,medium,low,10,namecheap,,,04/09/2026 18:24
829da78f-aed6-470e-9042-5faaadc9bee8,melanesian.pw,available,6.98,20.48,high,low,10,namecheap,,,24/08/2026 19:29
3583d644-715f-45d6-aaa3-e51a4d458db5,baiting.pw,available,6.98,20.48,medium,low,7,namecheap,,,21/09/2026 19:58
188966c8-2a92-40f5-a332-7e9776ce881a,piquant.pw,available,3.99,24.49,high,low,7,namesilo,,,17/08/2026 07:38
9b916cec-7b80-4c23-aef7-2d1704069f63,airhead.pw,available,3.99,24.49,high,low,7,namesilo,,,17/09/2026 23:11
bb2b8b90-b701-4460-a158-b54066ed30a3,nanus.pw,available,3.99,24.49,medium,low,5,namesilo,,,24/08/2026 22:32
5976315e-3731-48da-891b-4b6a78c7d45e,burnished.pw,available,3.99,24.49,medium,low,9,namesilo,,,11/08/2026 10:59
6896b786-234e-4323-9cac-cc10f13f280b,newer.pw,available,3.99,24.49,medium,low,5,namesilo,,,18/09/2026 15:53
cc36b60e-bbf1-4990-9025-c335d038c323,drifter.pw,resell,,,medium,low,7,"GoDaddy.com, LLC",30/06/2026 06:13,30/06/2027 06:13,26/09/2026 05:41
712710d1-80f5-4717-b28a-d441fd8f0a32,testis.pw,available,3.99,24.49,medium,low,6,namesilo,,,21/09/2026 22:59
10da14d2-a852-4317-9fe9-79ad70a2a941,outmoded.pw,available,3.99,24.49,medium,low,8,namesilo,,,14/08/2026 01:15
2b462c3e-2162-4727-b53e-7b587ee95318,economical.pw,available,3.99,24.49,high,low,10,namesilo,,,24/09/2026 13:25
d7f3da45-2c7f-4f54-9d26-42c881f86212,oblique.pw,available,3.99,24.49,high,low,7,namesilo,,,14/08/2026 05:11
be4ac782-5d47-49bc-8f21-b3cd69d8117c,midi.pw,premium,74.92,149.83,high,low,4,name.com,,,24/08/2026 22:34
29bafaf6-f137-4f1f-b5c1-d492a10290d0,caper.pw,available,3.99,24.49,high,low,5,namesilo,,,22/09/2026 06:32
cf7ab38d-dff7-46f6-a985-60c448fb8723,cameras.pw,premium,1300,1300,high,low,7,namecheap,,,25/09/2026 20:54
6c914294-6be5-4278-a961-50f3665de2d6,rakes.pw,available,3.99,24.49,medium,low,5,namesilo,,,20/09/2026 22:29
40ef99c6-296c-49c9-aad9-7ffb79199ec3,jihadi.pw,available,3.99,24.49,medium,low,6,namesilo,,,22/08/2026 13:21
ed91f320-f1c9-4fac-817a-4295fd06939e,spicate.pw,available,3.99,24.49,high,medium,7,namesilo,,,10/09/2026 15:34
d90d874c-e6ce-4a6a-bee8-311fe8ad25ed,roofless.pw,available,3.99,24.49,medium,low,8,namesilo,,,14/08/2026 12:09
ca8d7484-06d8-4349-94a4-631f5e370800,volute.pw,available,3.99,24.49,medium,low,6,namesilo,,,12/08/2026 16:14
70b4c900-077e-4ebf-a82c-43696fb03326,flawlessly.pw,available,3.99,24.49,medium,low,10,namesilo,,,12/08/2026 10:23
4e450eb2-e64f-4863-8121-969b8a2f8b16,salacious.pw,premium,74.92,149.83,medium,low,9,name.com,,,23/08/2026 00:40
532da796-b661-4a4c-8890-37b1d87f2567,yearlong.pw,available,3.99,24.49,medium,low,8,namesilo,,,13/09/2026 14:24
2b47a709-37f9-43da-b714-72daae49b039,aphotic.pw,available,3.99,24.49,medium,low,7,namesilo,,,05/08/2026 23:37
b554848f-627e-4214-a79b-3e3b631a3ab0,intolerant.pw,available,6.98,20.48,medium,low,10,namecheap,,,21/08/2026 20:02
f81e7fde-2f72-4128-b4ea-796c59be7450,leek.pw,resell,,,medium,low,4,"GoDaddy.com, LLC",18/06/2026 18:49,18/06/2027 18:49,26/09/2026 07:11
4cc1def5-4aa2-4ba2-beb6-8338334a025e,ceo.pw,premium,650,650,high,low,3,namecheap,,,24/09/2026 13:36
ea8a65c8-7ca7-4188-902d-3854a8fe1675,furthermore.pw,available,6.98,20.48,high,low,11,namecheap,,,17/09/2026 08:41
c5442cde-d5c2-4c32-8e47-ee638af5113f,britain.pw,available,,,high,low,7,,,,
8bb681a6-cc6c-41f4-beb2-696cc4800cf5,tentacular.pw,available,3.99,24.49,medium,low,10,namesilo,,,11/09/2026 11:35
d69d2b3f-ed6a-4318-85b5-a933820935f7,rarity.pw,resell,,,high,low,6,"GoDaddy.com, LLC",01/07/2026 07:45,01/07/2027 07:45,26/09/2026 08:30
12ba62ff-a9e3-43b4-b286-7b9f9ae0cd68,thrasher.pw,available,6.98,20.48,medium,low,8,namecheap,,,18/09/2026 13:24
2edd2d9a-e73b-45a6-bf6e-29eec1f13519,pean.pw,available,3.99,24.49,medium,low,4,namesilo,,,05/09/2026 00:47
884c8982-2487-45b6-9c19-c1bcff2de978,yob.pw,premium,74.92,149.83,medium,low,3,name.com,,,11/08/2026 08:46
5912f258-635f-4290-a2fd-3a52c3741037,condign.pw,available,6.98,20.48,medium,low,7,namecheap,,,12/08/2026 20:26
ffe8b85b-2807-41d4-8bf1-5308cd5bdb64,sixfold.pw,available,3.99,24.49,high,low,7,namesilo,,,10/09/2026 05:21
05a3f899-9b35-42c0-bbf9-aab4914ca6a5,ingress.pw,resell,,,medium,low,7,"GoDaddy.com, LLC",06/07/2026 17:36,06/07/2027 17:36,26/09/2026 06:52
49c62a22-2dae-4484-a4c7-8bb1498b331b,observing.pw,available,3.99,24.49,high,low,9,namesilo,,,04/09/2026 00:01
aebc2455-3439-4feb-9f64-e498e850404b,shut.pw,resell,,,high,low,4,"GoDaddy.com, LLC",17/06/2026 01:56,17/06/2027 01:56,26/09/2026 09:00
65aecd68-fab7-4352-b5c0-59a1e6f282dc,conjugal.pw,available,3.99,24.49,medium,low,8,namesilo,,,12/08/2026 22:07
2123b8f2-44b2-4556-b8fe-0d9c9fd9ec3e,rugose.pw,available,6.98,20.48,high,medium,6,namecheap,,,09/09/2026 19:20
82a6151b-e66d-4233-b504-c95dd82e511c,anniversary.pw,premium,74.92,,high,low,11,name.com,,,
ea47d146-51e0-4c81-bbf4-1f7f9c9999ac,antecedent.pw,available,3.99,24.49,high,low,10,namesilo,,,
21acc5ab-252f-480c-8b56-d10690109670,keynesian.pw,available,3.99,24.49,medium,low,9,namesilo,,,22/08/2026 15:46
f97fd8a1-dd6c-46a3-b235-7a7c756649e7,concourse.pw,available,3.99,24.49,high,low,9,namesilo,,,
78c517dd-a051-47bd-9857-6cce1efcd06e,evrything.pw,available,3.99,24.49,medium,low,9,namesilo,,,
cd94fd43-cd0e-4ec9-a682-dfa10a9b5701,cause.pw,resell,,,high,low,5,"GoDaddy.com, LLC",20/06/2026 06:40,20/06/2027 06:40,26/09/2026 04:49
43626a9b-b71b-44d5-953c-79881404c684,punctually.pw,available,3.99,24.49,medium,low,10,namesilo,,,14/09/2026 14:45
91bcb833-147a-4e6b-87f1-e3decc62b79b,adult.pw,resell,,,high,low,5,Dynadot Inc,17/06/2014 01:28,17/06/2028 23:59,26/09/2026 01:23
5db14428-4df3-4401-8030-abbc5cb01212,baguette.pw,available,3.99,24.49,high,low,8,namesilo,,,
5443edca-53ac-4f88-847c-b443ef563d72,flipped.pw,resell,20.48,,medium,low,7,"GoDaddy.com, LLC",19/06/2026 03:30,19/06/2027 03:30,26/09/2026 06:08
9ed76459-af63-4b8c-a9fb-fcfc2342a1c9,softness.pw,available,6.98,20.48,high,low,8,namecheap,,,21/09/2026 23:37
121c0046-63d2-4a25-a01e-2d6bb7181b6e,appliance.pw,premium,302.5,302.5,high,low,9,namesilo,,,19/09/2026 21:44
3f6a4f2a-5b5c-409f-ac4a-6482fefdcf36,oaks.pw,premium,302.5,302.5,medium,low,4,namesilo,,,20/09/2026 04:44
1882802e-e8c9-4561-be60-3985c43dfe9c,brunch.pw,premium,640,640,high,low,6,namesilo,,,24/09/2026 10:54
db878796-f678-4654-a37c-e983312a65a0,treasure.pw,resell,,,high,low,8,"Xiamen ChinaSource Internet Service Co., Ltd",21/07/2024 01:08,21/07/2034 23:59,26/09/2026 09:45
4ada227d-4617-4df6-9b70-1309784e1595,damascene.pw,available,29.99,29.99,medium,low,9,name.com,,,13/08/2026 16:07
16af1575-2d6c-42e6-b9d8-25f4e19a2358,afghan.pw,available,,,high,low,6,,,,
314f62b8-8f18-4fd0-b67b-cd7f6c0b46ee,bohme.pw,available,6.98,20.48,medium,low,5,namecheap,,,23/09/2026 03:34
a10cca78-67a3-4b12-9aba-065494dcc317,baku.pw,resell,,,high,low,4,"GoDaddy.com, LLC",17/06/2026 18:05,17/06/2027 18:05,26/09/2026 04:13
8d468563-5614-4ab2-8ca4-a873413b5776,diffusely.pw,available,3.99,24.49,medium,low,9,namesilo,,,14/09/2026 12:36
9afbcd04-1c07-4d35-a1ea-cdea87ad27a8,hal.pw,premium,130,130,high,low,3,namecheap,,,25/09/2026 12:39
716fb04a-c65a-48bb-a9d8-c769c536b321,cashiers.pw,available,3.99,24.49,medium,low,8,namesilo,,,20/09/2026 14:34
2ed1bdac-1e00-48bf-bcfc-94576adeb88f,hyperfine.pw,available,3.99,24.49,medium,low,9,namesilo,,,21/08/2026 16:48
5e083c1f-0adb-48df-b750-9407fc871e17,balaena.pw,available,6.98,20.48,medium,low,7,namecheap,,,21/09/2026 20:30
71a87e53-a644-4235-acbc-133789858ba7,thalassic.pw,available,3.99,24.49,medium,low,9,namesilo,,,11/09/2026 12:22
4be9e955-4e67-40ca-9db8-0ce53583276f,tended.pw,available,3.99,24.49,medium,low,6,namesilo,,,18/09/2026 22:30
155c0301-aaa1-489d-b154-da3880913c17,isothermal.pw,available,3.99,24.49,medium,low,10,namesilo,,,22/08/2026 11:22
4f360738-0d60-45ad-8c34-2c5edec54791,betrayed.pw,available,3.99,24.49,medium,low,8,namesilo,,,26/09/2026 03:08
21f7d948-4e4e-4d71-b844-695deb6ef1e4,jacques.pw,available,3.99,24.49,high,low,7,namesilo,,,25/09/2026 13:47
14cf31ff-5f93-405b-be6a-d757d0dea60c,tidy.pw,resell,,,high,low,4,"Xiamen ChinaSource Internet Service Co., Ltd",18/10/2025 00:55,18/10/2035 23:59,26/09/2026 09:37
e798c23a-f647-4a11-942e-a6cbf5d46a8f,simon.pw,resell,,,high,medium,5,"Xiamen ChinaSource Internet Service Co., Ltd",19/11/2025 04:08,19/11/2035 23:59,26/09/2026 09:02
12e28fce-398f-438a-80bc-c57b6eb678b2,ripening.pw,available,3.99,24.49,high,low,8,namesilo,,,
c5b9da52-29b4-4467-9dd4-c10206fd1884,fittest.pw,available,3.99,24.49,medium,low,7,namesilo,,,18/09/2026 04:12
76ceb9a5-59c5-48c9-82ee-79e7b793e525,alacrity.pw,available,3.99,24.49,high,low,8,namesilo,,,18/09/2026 01:37
749f15c2-166a-4ba9-b311-9461b1455a6a,setting.pw,premium,74.92,,high,low,7,name.com,,,
936a7d08-9f22-4ae5-9f66-822edaaf8727,byrd.pw,premium,116,116,high,low,4,namesilo,,,17/09/2026 08:47
39aeb3e9-3994-4e9d-9344-fee2894a5b5f,banshee.pw,resell,,,high,low,7,"GoDaddy.com, LLC",17/06/2026 02:43,17/06/2027 02:43,26/09/2026 04:15
cb25dad2-5b22-4098-81e0-3e984a3e3470,pretend.pw,resell,3.99,24.49,high,low,7,"GoDaddy.com, LLC",23/06/2026 21:34,23/06/2027 21:34,26/09/2026 08:18
25c7e717-3213-4a9d-bd19-c9e98db3c0bc,alaric.pw,available,3.99,24.49,high,low,6,namesilo,,,18/09/2026 01:52
4fc8b90c-c204-41a5-a8c6-c806b0c8e243,technology.pw,premium,1872.92,3745.83,high,low,10,name.com,,,27/09/2026 01:35
4b1da413-9748-4bef-9182-ba284114642a,knitted.pw,available,3.99,24.49,high,low,7,namesilo,,,22/08/2026 16:27
e9044ad3-032e-4133-b7fd-e012d0ea9297,lives.pw,resell,20.48,,high,low,5,"GoDaddy.com, LLC",31/05/2026 01:50,31/05/2027 01:50,26/09/2026 07:16
55678552-8aff-40be-be62-b88bd42eb4fa,gnomish.pw,available,3.99,24.49,medium,low,7,namesilo,,,20/08/2026 15:45
543e90bd-ae53-4abc-ab10-5f8698031c75,baleful.pw,available,3.99,24.49,medium,low,7,namesilo,,,08/08/2026 09:39
a319fcc3-2051-4d65-b035-a1041723954b,tolerate.pw,available,3.99,24.49,high,low,8,namesilo,,,24/09/2026 10:45
72aef54f-5c0b-4dd9-a75b-1e1e15b17a8e,chattel.pw,available,3.99,24.49,medium,low,7,namesilo,,,25/08/2026 09:00
1fab1760-e89a-4542-a70f-24e33e0170c4,noble.pw,resell,,,high,low,5,"Xiamen ChinaSource Internet Service Co., Ltd",01/12/2025 00:48,01/12/2026 23:59,26/09/2026 07:47
a31343bc-44ed-4f08-9983-46b06da5df2f,wives.pw,available,20.48,,medium,low,5,namecheap,,,
482b0510-201d-4550-8112-f9a0ee1590fd,demonstrated.pw,available,3.99,24.49,high,low,12,namesilo,,,17/09/2026 21:56
415fc52c-d0cd-4f31-84e2-851d27b0a881,accession.pw,available,3.99,24.49,high,low,9,namesilo,,,16/09/2026 22:09
4300d0ba-85fc-42b1-961c-7fb33de8f5a1,leeward.pw,available,3.99,24.49,medium,low,7,namesilo,,,22/08/2026 22:34
624a6a1f-a884-4271-b50a-d299442c37e3,athelstan.pw,available,6.98,20.48,medium,low,9,namecheap,,,20/09/2026 20:33
87d2133c-dffc-41cb-9ec2-6ae3fad63eba,humor.pw,premium,640,640,high,low,5,namesilo,,,24/09/2026 06:28
e35e5880-9cab-4688-bff0-e791383361d9,fain.pw,available,3.99,24.49,medium,low,4,namesilo,,,14/08/2026 12:05
39570b6f-091e-41bf-b2c2-ab0299be6bb4,multiphase.pw,available,3.99,24.49,medium,low,10,namesilo,,,03/09/2026 10:50
f6f146bd-f316-4297-8f56-3a1db4855d3b,leg.pw,premium,187.29,,high,low,3,name.com,,,
0142449d-d232-4981-9bca-fb667c336468,feelings.pw,available,3.99,24.49,high,low,8,namesilo,,,
6ccd5902-f078-4cd5-a6b3-282a9208cf1c,anodal.pw,available,3.99,24.49,medium,low,6,namesilo,,,
fa9876dc-8281-4755-a16a-37897e478593,exoteric.pw,available,3.99,24.49,medium,low,8,namesilo,,,17/08/2026 17:44
daecfd9e-57b0-4da2-99ae-4bdf4dcaad25,spirally.pw,available,6.98,20.48,medium,low,8,namecheap,,,16/09/2026 06:13
2c8aae9d-d958-4a76-a16c-ec08ae045470,cruz.pw,premium,116,116,high,low,4,namesilo,,,25/09/2026 11:52
5479c684-9095-4733-95ce-44db0b214d01,blackball.pw,available,6.98,20.48,medium,low,9,namecheap,,,24/09/2026 08:27
c87e5ad9-8b68-4c5d-bb17-67a28e777ac6,soldiers.pw,available,3.99,24.49,medium,low,8,namesilo,,,
7c564dcb-4dd0-41dc-a369-6d899d80becf,jumbled.pw,available,3.99,24.49,medium,low,7,namesilo,,,21/08/2026 08:39
5fcf1334-3b89-465d-9ee8-130a1e6504a3,aol.pw,available,,,high,high,3,,,,
246365f4-94dc-4b67-bd86-789918f73941,responder.pw,resell,,,high,low,9,"GoDaddy.com, LLC",29/05/2026 04:12,29/05/2027 04:12,26/09/2026 08:38
d8f7267a-f3f0-43a9-8370-7d90d739a3f9,scrutinise.pw,available,3.99,24.49,high,low,10,namesilo,,,21/09/2026 03:07
431dbef3-f028-4e01-85b2-69f904fecfd5,infirm.pw,available,29.99,29.99,medium,low,6,name.com,,,13/08/2026 20:32
8f823863-98a9-4988-acc1-07ee4c38350d,endogenous.pw,available,3.99,24.49,medium,low,10,namesilo,,,17/08/2026 01:15
2adacd40-b744-4978-ae19-d91a0e673a48,potpourri.pw,available,3.99,24.49,high,low,9,namesilo,,,25/08/2026 08:24
ff3fd599-b505-407c-8aeb-7600d1f60a02,annum.pw,available,3.99,24.49,high,low,5,namesilo,,,19/09/2026 11:04
805383f6-9e77-4543-9b10-3e04afd4226a,thwart.pw,available,3.99,24.49,high,low,6,namesilo,,,09/09/2026 08:15
6ca00324-3302-44c9-b5cc-ffea8e497c51,roof.pw,available,3.99,24.49,high,low,4,namesilo,,,
5122fa11-d3a1-4417-a833-beb11a98a933,deadpan.pw,available,29.99,29.99,medium,low,7,name.com,,,13/08/2026 19:37
e5143a0e-0966-4297-8a27-fb85e16319bb,preferable.pw,available,3.99,24.49,high,medium,10,namesilo,,,09/09/2026 01:36
7a690051-996c-411b-82be-0f5c04449578,mint.pw,resell,,,high,high,4,"Xiamen ChinaSource Internet Service Co., Ltd",20/03/2024 00:32,20/03/2027 23:59,26/09/2026 07:34
6048335c-184d-4388-9ac9-6bf2d3301881,attache.pw,available,3.99,24.49,high,low,7,namesilo,,,21/09/2026 01:04
eeb53b7d-b4b4-493c-8c81-77b867bd93bb,dimly.pw,available,3.99,24.49,medium,low,5,namesilo,,,14/09/2026 12:45
bbc7ec20-08a9-4deb-92df-9c25aa00b205,goal.pw,premium,187.29,,high,low,4,name.com,,,
199713f6-b7aa-4c9d-9126-bf938f0eb770,fleet.pw,resell,,,high,high,5,"Xiamen ChinaSource Internet Service Co., Ltd",08/10/2025 01:09,08/10/2035 23:59,26/09/2026 06:07
25cd7671-93be-4597-a008-4e88c40c1550,isotopic.pw,available,3.99,24.49,medium,low,8,namesilo,,,22/08/2026 11:26
90536c1d-660e-46f2-a0ff-de8d92bfcfd0,reel.pw,premium,302.5,302.5,high,low,4,namesilo,,,24/09/2026 06:24
624c2394-a14f-4bed-8b26-e7a2044fc62e,acceptive.pw,available,3.99,24.49,high,low,9,namesilo,,,
a956d28f-3245-415d-ac06-c917a827f5ad,theistic.pw,available,3.99,24.49,medium,low,8,namesilo,,,11/09/2026 12:41
0bc62a85-0f39-470a-bd6e-026546979569,severed.pw,available,29.99,29.99,medium,low,7,name.com,,,13/08/2026 12:32
8b4c255e-6478-4591-aa72-d693fc466cf8,richmond.pw,available,,,high,low,8,,,,
1e694bfe-44b4-4e52-a183-53190051d6e8,ambivalence.pw,available,3.99,24.49,high,low,11,namesilo,,,
04cce2c2-7897-4d9d-bc6c-ef59ffdff87d,inlaid.pw,available,3.99,24.49,medium,low,6,namesilo,,,22/08/2026 05:47
088338a0-ff86-46b1-bde6-dfd646dbf68a,backseat.pw,available,3.99,24.49,high,low,8,namesilo,,,21/09/2026 15:49
95b6a07c-69ee-44b7-b33e-db4d272e9f62,formal.pw,resell,3.99,24.49,high,low,6,"GoDaddy.com, LLC",18/06/2026 18:49,18/06/2027 18:49,26/09/2026 06:12
e8e46cd4-1a57-4662-accf-448565c421c6,encircled.pw,available,3.99,24.49,medium,low,9,namesilo,,,16/08/2026 22:19
e69c6ab9-ef11-4a1c-a81c-384b8da89d3b,overdressed.pw,available,3.99,24.49,medium,low,12,namesilo,,,16/09/2026 17:42
67adcf7d-3bc0-4dc6-ace0-2a39c815af69,soil.pw,premium,116,116,high,low,4,namesilo,,,24/09/2026 02:55
b428f733-bd85-4fa3-bb63-6ae2874de966,hinder.pw,available,3.99,24.49,high,low,6,namesilo,,,24/09/2026 23:48
4cdb94ce-0bc1-4d4e-b3ef-a4a2c15d7f51,decrepit.pw,available,3.99,24.49,medium,low,8,namesilo,,,13/08/2026 05:40
91dd7605-d347-419e-bd97-2dd8d989918d,term.pw,premium,74.92,,high,low,4,name.com,,,
6b64fb9b-d067-4151-a965-827009edb376,begging.pw,available,6.98,20.48,high,low,7,namecheap,,,23/09/2026 02:16
64e50b7a-7509-4228-8ca0-0b8611c73b65,unclutter.pw,available,3.99,24.49,high,low,9,namesilo,,,12/08/2026 10:28
e38ec21c-943f-4724-bbaf-f71d9b4767b6,pigfish.pw,available,3.99,24.49,medium,low,7,namesilo,,,17/09/2026 00:46
d3a8d65c-3f06-4373-89bc-b624051419b3,lessons.pw,premium,650,650,medium,low,7,namecheap,,,25/09/2026 19:53
5b8508c6-7449-4d73-b7fd-6d3a0abeb4d4,reflexive.pw,available,3.99,24.49,high,medium,9,namesilo,,,09/09/2026 12:40
183094ad-84ed-48c6-ad98-2b3fea43a18b,alhazen.pw,available,3.99,24.49,medium,low,7,namesilo,,,18/09/2026 00:42
bc52b253-8705-4877-a5b1-1df25c028ebf,quatern.pw,available,3.99,24.49,medium,low,7,namesilo,,,
853f28c9-e7ed-42e0-940b-b51bd9894281,aragon.pw,available,3.99,24.49,high,low,6,namesilo,,,19/09/2026 23:42
6aceb36f-d329-46cc-85c8-83ec28dbec0b,joyfully.pw,available,6.98,20.48,high,low,8,namecheap,,,14/09/2026 21:32
2a404e67-38aa-4334-b7f5-739d5849a07e,roomy.pw,available,20.48,,high,low,5,namecheap,,,
18dd0c7e-35e7-4328-86ac-a90fd710c05b,olympics.pw,premium,187.29,,high,low,8,name.com,,,
adfe69ba-22ec-49da-addd-37ef4b4a8658,dancer.pw,premium,116,116,high,low,6,namesilo,,,11/09/2026 11:54
fec3351e-5be6-4ed3-8374-36a4e4132590,chainlike.pw,available,6.98,20.48,medium,low,9,namecheap,,,11/08/2026 21:34
432fcccb-15f3-4bd1-966b-ece1cf9f38fe,traduce.pw,available,3.99,24.49,medium,low,7,namesilo,,,24/08/2026 14:06
3a134924-f7b6-4b66-a2b2-9cccb22c6237,snapped.pw,available,3.99,24.49,medium,low,7,namesilo,,,18/09/2026 06:52
8a636f1b-c051-48b8-adca-724e9ba58409,difficulties.pw,available,6.98,20.48,high,low,12,namecheap,,,17/09/2026 21:37
c905329e-f2a6-4308-b4e8-1b5f92efd2ee,partner.pw,resell,,,high,low,7,"Xiamen ChinaSource Internet Service Co., Ltd",12/12/2025 21:52,12/12/2026 23:59,26/09/2026 08:02
374a8590-7893-4d22-a4da-790f2538c85e,arranging.pw,available,3.99,24.49,high,low,9,namesilo,,,20/09/2026 08:47
02b4f852-2c4e-4679-804c-cb65a98f24af,ascendence.pw,available,3.99,24.49,medium,low,10,namesilo,,,20/09/2026 13:04
64faf871-2b70-4e9e-9a4c-de8a068b3d46,haircuts.pw,available,6.98,20.48,medium,low,8,namecheap,,,21/09/2026 07:16
3b31057c-356f-4c00-8fac-c637b5275e77,capitular.pw,available,6.98,20.48,medium,low,9,namecheap,,,11/08/2026 17:58
246543d1-815a-48a3-be45-7fc88b5b2f10,aidoneus.pw,available,6.98,20.48,medium,low,8,namecheap,,,17/09/2026 20:53
853e18d0-2307-4106-85ff-c5c9e6b5b069,palmy.pw,available,6.98,20.48,medium,low,5,namecheap,,,10/08/2026 19:15
8ac174da-a785-418a-88a7-8ac4ebfdb52b,beholder.pw,available,3.99,24.49,high,low,8,namesilo,,,08/09/2026 16:20
663d2dd7-2a63-4331-b17d-4391b0a44c41,eparchial.pw,available,3.99,24.49,low,low,9,namesilo,,,17/08/2026 10:12
c5a6694d-4027-49d9-9c57-6fc29b3f6e27,evaluative.pw,available,3.99,24.49,medium,low,10,namesilo,,,06/08/2026 08:13
67c4cf92-8ab5-4da5-8a94-1aea25eccdf1,baudelaire.pw,available,3.99,24.49,high,low,10,namesilo,,,22/09/2026 16:35
cde583d7-5bb5-4e82-b722-003bbdb30f2f,urinate.pw,available,3.99,24.49,medium,low,7,namesilo,,,13/09/2026 09:41
1e40a3fc-4528-48b6-815d-97e481c2792b,tzarist.pw,available,29.99,29.99,medium,low,7,name.com,,,13/08/2026 14:59
4c50ae7c-266f-4ae8-a4b8-ea5272def86a,hatless.pw,available,3.99,24.49,medium,low,7,namesilo,,,21/08/2026 01:20
e432880b-fcbc-42e9-abce-7690738fa66a,harrisburg.pw,available,3.99,24.49,high,low,10,namesilo,,,25/09/2026 22:04
40f3eb36-8a5d-4f1c-9a72-923169acc85e,punished.pw,available,3.99,24.49,high,medium,8,namesilo,,,09/09/2026 06:01
73074131-f75c-48a3-a1a9-cd231470c208,turkish.pw,resell,,,medium,low,7,"GoDaddy.com, LLC",25/06/2026 18:52,25/06/2027 18:52,26/09/2026 09:48
fa5dd265-0687-4dc7-9c70-0fba513c0a55,ushers.pw,available,3.99,24.49,medium,low,6,namesilo,,,20/09/2026 19:46
a963a9bb-0738-4a08-8a0b-58742ec1dcad,augury.pw,available,3.99,24.49,medium,low,6,namesilo,,,21/09/2026 03:41
5863dc4a-d22a-4822-b467-1b0b8dcbda1a,cheekbone.pw,available,3.99,24.49,high,low,9,namesilo,,,13/09/2026 15:41
8d1b80a8-1063-4e34-b64f-e622f9ffa7b3,outwards.pw,available,6.98,20.48,medium,low,8,namecheap,,,04/09/2026 19:50
75806db2-314b-42f0-bb06-271b44e5392e,painless.pw,resell,,,high,low,8,"GoDaddy.com, LLC",02/07/2026 10:13,02/07/2027 10:13,26/09/2026 07:59
2645fce2-3471-4db2-9db5-6918d7c1fda2,tumbling.pw,available,3.99,24.49,high,low,8,namesilo,,,17/09/2026 03:22
bbbe09ae-b160-4c56-8f5b-2e46efd82176,amon.pw,resell,,,high,low,4,"GoDaddy.com, LLC",30/06/2026 06:13,30/06/2027 06:13,26/09/2026 03:51
5df93207-2b05-4c20-9c16-b90d8c4339c4,brith.pw,available,3.99,24.49,high,low,5,namesilo,,,23/09/2026 09:27
22b37e7a-bf02-4d25-852c-583c3f5518ac,unpunished.pw,available,3.99,24.49,medium,low,10,namesilo,,,12/09/2026 17:37
a3fbdfe9-169e-4612-a0c4-c3a435d56c29,haircut.pw,available,20.48,,high,low,7,namecheap,,,
a2ed2939-5de5-40aa-a5bf-fc69904124a9,nutella.pw,available,3.99,24.49,high,medium,7,namesilo,,,19/09/2026 10:13
88373c0f-ff9e-465f-b732-e5a141b63d18,upstair.pw,available,3.99,24.49,medium,low,7,namesilo,,,12/09/2026 23:20
6002eb18-2c4f-47a7-9454-a972ba4809d1,nippy.pw,resell,,,high,low,5,"GoDaddy.com, LLC",27/06/2026 06:47,27/06/2027 06:47,26/09/2026 07:47
e1dfad7b-823c-48d6-a60c-df9c4829c284,razed.pw,available,3.99,24.49,medium,low,5,namesilo,,,14/08/2026 01:24
d5762943-1863-4956-b579-58ab773b988b,matching.pw,available,3.99,24.49,high,low,8,namesilo,,,12/08/2026 13:23
145a30b0-d861-4778-a75c-79a74abe8b3c,myoid.pw,available,3.99,24.49,low,low,5,namesilo,,,03/09/2026 12:10
bce173dd-b1b5-4ce8-85fe-27d12e10acf9,higgins.pw,premium,302.5,302.5,high,low,7,namesilo,,,25/09/2026 13:27
6ea94307-9958-4392-80b7-523e30bf06b5,bangkok.pw,premium,640,640,high,low,7,namesilo,,,22/09/2026 01:48
fbc2e38d-a2a7-4c8e-93d6-5047c0a92eed,astronomer.pw,available,6.98,20.48,high,low,10,namecheap,,,20/09/2026 18:04
665dd548-5bb5-4630-be42-fd14c8ff4b1b,bickering.pw,available,6.98,20.48,medium,low,9,namecheap,,,23/09/2026 13:12
7541118f-1c01-4446-985d-53522fda8ec5,deist.pw,available,3.99,24.49,medium,low,5,namesilo,,,14/08/2026 00:15
a9277019-6c9e-4870-b23c-31b2ff31b4e2,tho.pw,premium,187.29,,medium,low,3,name.com,,,
9b3af38a-725b-4934-9b2f-5ceda2d7a740,likable.pw,available,3.99,24.49,high,low,7,namesilo,,,23/08/2026 06:14
a2efb2ce-89eb-4ba2-abd0-7470bbc55d04,substitution.pw,available,20.48,,high,low,12,namecheap,,,
659a8152-7620-45cc-8e5e-b4081607151a,native.pw,premium,302.5,302.5,high,low,6,namesilo,,,03/09/2026 13:45
0dc3b4e5-1e41-4ba0-8db9-032c6b841eb9,gandhi.pw,premium,74.92,,high,low,6,name.com,,,
5b303b40-8f6b-47c8-a26f-d104a60b645c,offence.pw,available,3.99,24.49,medium,low,7,namesilo,,,04/09/2026 01:34
80703b17-bf05-4979-938a-fbebb80f81fd,graceless.pw,available,3.99,24.49,medium,low,9,namesilo,,,18/08/2026 20:43
7bf2ab8e-8631-44d0-a136-2c302a0aad60,prochoice.pw,available,3.99,24.49,high,low,10,namesilo,,,
01175a94-039b-47de-95ec-a9df2e5f4be8,livid.pw,available,3.99,24.49,medium,low,5,namesilo,,,07/08/2026 02:24
c1cb6a9a-24bf-49e0-b4c2-ae0207898308,ocellated.pw,available,3.99,24.49,medium,low,9,namesilo,,,04/09/2026 00:29
d84ebf31-a1e8-4750-92a1-77b187305454,northerly.pw,available,6.98,20.48,medium,low,9,namecheap,,,03/09/2026 21:23
07cbdb59-2e21-4b96-84ee-016f9b834115,faint.pw,available,6.98,20.48,high,low,5,namecheap,,,17/08/2026 21:01
81d71c95-2569-4a89-8c4a-24945049f817,degraded.pw,available,29.99,29.99,medium,low,8,name.com,,,13/08/2026 20:17
2033f963-2a6c-45db-a246-b27b580af07c,lucky.pw,resell,,,high,medium,5,"Xiamen ChinaSource Internet Service Co., Ltd",08/07/2026 13:34,08/07/2036 13:34,26/09/2026 07:20
764176d1-6445-4175-bae2-079696930c98,irascible.pw,available,3.99,24.49,medium,low,9,namesilo,,,21/08/2026 14:18
9ac68842-fca8-4dcc-86da-adc120cf02b3,unmerciful.pw,available,3.99,24.49,medium,low,10,namesilo,,,24/08/2026 20:38
087bd358-46da-426d-81a4-22f656bbb02a,manufacturing.pw,premium,116,116,high,low,13,namesilo,,,23/09/2026 06:48
3462b6c2-7349-4ebf-8c91-84b8f07c2111,curb.pw,available,6.98,20.48,high,low,4,namecheap,,,18/09/2026 20:45
87731cd6-6ad8-4321-9854-97f21975af5c,foremost.pw,available,3.99,24.49,high,medium,8,namesilo,,,18/08/2026 05:18
22a97986-9c93-4306-b1e4-7fe01bcb27f1,surprise.pw,premium,187.29,,high,low,8,name.com,,,
df4757eb-05a9-4df7-a81c-cfadc3413630,objected.pw,available,29.99,29.99,medium,low,8,name.com,,,18/09/2026 23:50
8c3cf156-d66c-4e6a-99b6-69f90f218196,makes.pw,premium,325,325,high,low,5,namecheap,,,16/09/2026 09:30
e02858bd-fde7-4220-a727-2ca7b61ad7db,concentrated.pw,available,3.99,24.49,high,low,12,namesilo,,,
2958d514-7989-4ea3-b32f-47dbb3f6c46a,patrick.pw,premium,116,116,high,low,7,namesilo,,,25/09/2026 09:49
345068e4-c73b-4c3b-9b07-8270969710fe,exclaimed.pw,available,3.99,24.49,medium,low,9,namesilo,,,18/09/2026 01:31
1cbbf848-d1ed-48bd-8223-2b27d5e49f0e,west.pw,resell,,,high,low,4,West263 International Limited,19/08/2021 08:14,19/08/2030 23:59,26/09/2026 10:07
9ed6097e-1027-4c52-a2c0-6a9cad0cef7f,mcmuffin.pw,available,20.48,,high,low,8,namecheap,,,
f90be73c-ed65-4524-9359-976d7ed1697a,accolade.pw,available,6.98,20.48,high,low,8,namecheap,,,16/09/2026 22:45
142c4c09-7542-4fc4-b9ae-ca4dd0ba26b7,runic.pw,available,3.99,24.49,medium,low,5,namesilo,,,09/09/2026 19:35
0644bf24-43d4-4afd-b509-f63603f17e60,undersea.pw,resell,,,high,low,8,"GoDaddy.com, LLC",11/07/2026 14:11,11/07/2027 14:11,26/09/2026 09:51
55d34969-8a9a-4422-9129-dbe14c77ed5b,blackmail.pw,available,6.98,20.48,high,low,9,namecheap,,,24/09/2026 02:52
24e8a979-df2d-457f-8667-9bee0cc29915,improve.pw,premium,187.29,,high,low,7,name.com,,,
91b815ab-d620-4120-bfa2-0e2ae3a7c897,sums.pw,available,3.99,24.49,medium,low,4,namesilo,,,18/09/2026 07:08
945dabf4-4887-4e35-ad74-af7d13a8aecd,exemplary.pw,available,6.98,20.48,high,low,9,namecheap,,,21/09/2026 18:58
adc17f33-f059-4dd7-bb27-9d237dd7a3c8,visually.pw,available,3.99,24.49,high,low,8,namesilo,,,16/09/2026 11:04
60c6cb8c-1eeb-402d-bad4-0ec8a52a6b7b,carefully.pw,available,3.99,24.49,high,low,9,namesilo,,,
38815146-8718-427f-b850-79ed3fd30553,groovy.pw,resell,,,high,low,6,"GoDaddy.com, LLC",28/05/2026 02:46,28/05/2027 02:46,26/09/2026 06:30
f3ea6c2f-d691-4530-95c7-fa76bc164830,whopping.pw,available,3.99,24.49,high,low,8,namesilo,,,08/08/2026 13:14
3b75f239-0c31-4ccc-83e3-d8c420a8de88,polyglot.pw,resell,,,high,low,8,"GoDaddy.com, LLC",08/07/2026 20:27,08/07/2027 20:27,26/09/2026 08:14
bf86860a-5979-4a05-a51a-4fb761252ad7,isbn.pw,available,3.99,24.49,high,low,4,namesilo,,,
775fad0c-c487-475a-8f21-09b75b4456eb,lerner.pw,available,3.99,24.49,high,low,6,namesilo,,,18/09/2026 01:44
321a9347-31fd-491d-a149-397ed9a8d70d,arboreous.pw,available,3.99,24.49,medium,low,9,namesilo,,,06/08/2026 12:59
061e716c-d184-41d2-9c79-2ee44e454d59,actinon.pw,available,3.99,24.49,medium,low,7,namesilo,,,
673ba034-0de5-4bcb-b46e-3a784fa15580,stoker.pw,available,3.99,24.49,medium,low,6,namesilo,,,16/09/2026 16:53
cf34f669-c701-47c3-81f2-baa6fcf3e321,vagus.pw,available,3.99,24.49,medium,low,5,namesilo,,,08/09/2026 22:09
74a021a0-9d42-4fcf-bb09-a04fe0fdaf20,gravely.pw,available,3.99,24.49,medium,low,7,namesilo,,,13/09/2026 23:09
5c40dd28-2dee-4846-b5a6-68a6e102ffbd,finespun.pw,available,3.99,24.49,medium,low,8,namesilo,,,18/08/2026 04:51
3a755121-870f-4fbe-89ed-ba1cb3e5a96b,battle.pw,premium,640,640,high,low,6,namesilo,,,22/09/2026 14:39
0ab4f0c5-7e50-4364-b6dc-e1950ec708bc,azygous.pw,available,3.99,24.49,medium,low,7,namesilo,,,08/08/2026 03:27
a3df9124-cc8f-46a1-8043-c707e020564f,rampantly.pw,available,3.99,24.49,medium,low,9,namesilo,,,13/09/2026 11:58
1a93ff8e-4ea6-4c8f-8f96-6c5d61128b61,colors.pw,resell,,,high,low,6,"Xiamen ChinaSource Internet Service Co., Ltd",12/11/2025 00:07,12/11/2035 23:59,26/09/2026 05:07
60f665ad-2cbe-4472-9b5d-c2189d6b7175,arithmancy.pw,available,3.99,24.49,medium,low,10,namesilo,,,20/09/2026 06:00
8482dba9-49cf-4a8d-9eb1-8f4029b63b08,antibiotic.pw,available,3.99,24.49,high,low,10,namesilo,,,22/09/2026 06:14
efb3b2e9-5c13-4e9c-aab8-d0094be766bd,custody.pw,resell,,,high,low,7,"GoDaddy.com, LLC",19/06/2026 03:30,19/06/2027 03:30,26/09/2026 05:23
aa2a2bd3-fb5d-4458-b10e-bb98941274be,atypical.pw,available,3.99,24.49,high,low,8,namesilo,,,07/08/2026 16:06
30b4bb5a-a5a3-4bb2-a9fb-8bb878fa0928,occurring.pw,available,3.99,24.49,high,low,9,namesilo,,,
dbf6007a-9e8e-4ea8-8675-7bda1f0f0f6f,aniseed.pw,available,3.99,24.49,high,low,7,namesilo,,,19/09/2026 09:27
7b083cdf-e949-47a1-b02e-5f5af7a970e1,interesting.pw,available,,,high,low,11,,,,
0004a91e-7577-4794-8026-78a4f4612bf4,unmerited.pw,available,3.99,24.49,medium,low,9,namesilo,,,12/09/2026 15:37
0b0d4db7-dcf7-4dae-861b-9a0af42c9e3f,brilliant.pw,resell,,,high,low,9,"Chengdu West Dimension Digital Technology Co., Ltd.",26/08/2026 00:33,26/08/2036 00:33,26/09/2026 04:37
adf356a0-bdd6-4076-a5ea-6f4850062611,acheron.pw,available,3.99,24.49,medium,low,7,namesilo,,,17/09/2026 00:29
7dc1f190-2798-47c3-9929-74b3141f0eca,porcine.pw,available,3.99,24.49,medium,low,7,namesilo,,,21/08/2026 10:21
e44440d8-4f5d-4677-b1df-78cc0fc82bf3,package.pw,premium,116,116,high,low,7,namesilo,,,24/09/2026 07:42
730e45e6-809e-4034-96c9-fc95cabe8cf5,perennial.pw,available,3.99,24.49,high,low,9,namesilo,,,08/09/2026 16:26
d92f8619-c711-4566-8cd5-6c08c7ff094e,bellingham.pw,available,3.99,24.49,high,low,10,namesilo,,,23/09/2026 06:12
90462d14-f797-4930-b6b4-3e7fdfef0a29,patented.pw,available,3.99,24.49,high,low,8,namesilo,,,08/09/2026 10:24
15ddfd8e-045a-4e76-a8ed-04b0fcb8a985,llc.pw,premium,3450,3450,high,low,3,namesilo,,,25/09/2026 11:14
930cb272-7da7-4200-84e6-248e01082999,aquila.pw,resell,,,high,low,6,"GoDaddy.com, LLC",01/07/2026 05:53,01/07/2027 05:53,26/09/2026 03:57
05ad2d45-6266-4649-bef5-c6e6e977e07d,paraguayan.pw,available,3.99,24.49,medium,low,10,namesilo,,,08/09/2026 00:55
833442dc-00de-4661-8040-3b7c46e91fca,arboreal.pw,available,3.99,24.49,high,low,8,namesilo,,,06/08/2026 13:18
6fdd253c-0a8c-45c9-b7cc-d8085057b84a,esteemed.pw,available,3.99,24.49,high,low,8,namesilo,,,17/08/2026 13:23
eca5ba7a-1639-40c4-a743-b901eb49b935,conversely.pw,available,3.99,24.49,medium,low,10,namesilo,,,14/09/2026 08:37
f3f18e6f-e9fc-4195-91bf-b7f388b45d40,muscovite.pw,available,3.99,24.49,medium,low,9,namesilo,,,03/09/2026 11:26
6c229be0-925e-44ba-bcba-3b7aa4a183c7,althea.pw,available,3.99,24.49,medium,low,6,namesilo,,,18/09/2026 14:54
b31772a6-d642-4038-96e0-dce96bd7b28c,straining.pw,available,3.99,24.49,medium,low,9,namesilo,,,10/09/2026 21:43
5c7da1b8-1a69-4d94-88a8-551f48e78253,covert.pw,resell,3.99,24.49,high,low,6,"GoDaddy.com, LLC",24/06/2026 16:54,24/06/2027 16:54,26/09/2026 05:17
68cbe024-3c3a-4e59-bd90-426263200c9f,intimal.pw,available,3.99,24.49,medium,low,7,namesilo,,,22/08/2026 08:28
54ddc1f3-d03d-4f4a-ad63-59ba89db2d4c,ytterbium.pw,available,3.99,24.49,medium,low,9,namesilo,,,20/09/2026 23:38
5887b9a5-6dbb-4842-afb8-3f923531ec89,clx.pw,available,,,high,low,3,,,,
3f993f72-3644-4bfc-84d0-130ade4d57ed,affordable.pw,premium,302.5,302.5,high,low,10,namesilo,,,21/09/2026 21:59
e9dfebc6-358b-4b46-ae0e-44c9a7a8b16d,riemann.pw,available,3.99,24.49,high,low,7,namesilo,,,23/09/2026 09:54
c9cdb3bf-36e6-4ea5-9124-8d0c07b916aa,thankless.pw,available,3.99,24.49,medium,low,9,namesilo,,,11/09/2026 12:28
aa4cfe9f-44d0-4218-aaa7-7ac40f6480b0,bastille.pw,available,6.98,20.48,high,low,8,namecheap,,,22/09/2026 12:48
7ce7689b-4142-4b94-a3d6-48c60df8fbfe,answerable.pw,available,3.99,24.49,high,low,10,namesilo,,,22/09/2026 05:32
325c7b13-fdfe-4cb2-ad43-c01ee7eedc3d,gregarious.pw,available,3.99,24.49,high,low,10,namesilo,,,20/08/2026 19:56
20ac6fa1-7352-4837-801c-225c053241ab,squawker.pw,available,3.99,24.49,medium,low,8,namesilo,,,23/09/2026 06:50
dd556dfe-e4ea-4f67-b7ef-ada5f7bfdc72,gleaming.pw,available,3.99,24.49,high,low,8,namesilo,,,
b10ad551-9e59-46b9-9a10-23e09d9fa4ef,arrester.pw,available,3.99,24.49,medium,low,8,namesilo,,,20/09/2026 09:09
e44883e1-d420-4435-a2ac-11d641fe9171,unbleached.pw,available,3.99,24.49,medium,low,10,namesilo,,,12/09/2026 02:04
a06929ce-eec9-4de1-86b2-116dfc6ef974,arulo.pw,available,3.99,24.49,medium,low,5,namesilo,,,20/09/2026 12:11
e2dd95f6-c00b-4822-b3ad-f94cfcbd1a8a,yeller.pw,available,3.99,24.49,medium,low,6,namesilo,,,22/09/2026 17:06
b2ebac4d-23a2-48cf-a587-fc97837da6f0,commission.pw,available,3.99,24.49,high,low,10,namesilo,,,
1bcaf499-53e0-42b0-b03f-6875d4ef185c,amnic.pw,available,3.99,24.49,medium,low,5,namesilo,,,
eabc4da0-98eb-42f7-bf4c-528248a735c6,beignet.pw,available,3.99,24.49,medium,low,7,namesilo,,,23/09/2026 04:07
599e4d80-1e37-412d-b27b-b6c8f0dcd131,imagine.pw,premium,374.58,,high,medium,7,name.com,,,
0ee107b8-ff17-42f7-b98d-965ccadfa6d3,drudgery.pw,available,6.98,20.48,medium,low,8,namecheap,,,08/09/2026 21:19
226b3300-f901-4ad9-8559-d2109b262b9c,geothermic.pw,available,3.99,24.49,medium,low,10,namesilo,,,18/08/2026 22:41
252b19b0-7de8-40b2-bb44-22208367cef2,apply.pw,premium,1107,1107,high,low,5,namesilo,,,23/09/2026 08:15
45fd28ed-5adf-4880-bb73-fc7480712281,circus.pw,premium,1872.92,,high,low,6,name.com,,,
50a36052-5ea6-44d2-80e9-c4932fa8e358,conductor.pw,available,,,high,low,9,,,,
277ba132-12c1-40c8-8f91-9f2d8496eacb,tinned.pw,available,3.99,24.49,medium,low,6,namesilo,,,11/09/2026 16:17
a7b417b5-df8e-40ba-81dd-5a4ab38bb234,batwing.pw,available,3.99,24.49,medium,low,7,namesilo,,,09/08/2026 01:49
36a9b8a9-e9c4-47c9-ba1f-18f75453801a,pass.pw,premium,74.92,,high,low,4,name.com,,,
3dd6e251-ccd8-4879-9b11-ca66dc49e320,earful.pw,available,3.99,24.49,medium,low,6,namesilo,,,22/09/2026 17:11
dc5e9f0c-1d7f-48a0-860d-66ae2c7bbe66,frayed.pw,available,3.99,24.49,medium,low,6,namesilo,,,18/08/2026 14:25
9cf6da0b-6248-4b3a-aec1-4ba7bc9ce50c,nonstop.pw,available,3.99,24.49,high,low,7,namesilo,,,22/09/2026 08:07
5f7a2fe0-0f7e-4630-a876-c34c1d0b4664,genic.pw,available,3.99,24.49,medium,low,5,namesilo,,,18/08/2026 21:35
43e45d5e-8331-403b-8a04-de62f036ceef,heatable.pw,available,3.99,24.49,medium,low,8,namesilo,,,21/08/2026 02:15
0a5b04f4-3839-4722-b0e8-d0ae57e079a7,ceremony.pw,resell,,,high,low,8,"GoDaddy.com, LLC",22/06/2026 03:26,22/06/2027 03:26,26/09/2026 04:50
41642e8a-b166-499e-b2c0-70cfd88a7c7e,cyclical.pw,available,29.99,29.99,high,low,8,name.com,,,13/08/2026 13:34
9ccd80bb-ca01-4a0a-bd86-c4de24b7f738,teaching.pw,premium,640,640,high,low,8,namesilo,,,24/09/2026 22:15
d3ddb44e-0afd-45c2-a5c1-936e1128aae7,isomorphic.pw,available,3.99,24.49,medium,low,10,namesilo,,,22/08/2026 11:12
7826ac69-4bed-4138-a658-187a2141899f,uveal.pw,available,3.99,24.49,medium,low,5,namesilo,,,13/09/2026 00:22
ec8e50f0-4dbc-4114-a6e5-9e825627617e,comparable.pw,premium,640,640,high,low,10,namesilo,,,23/09/2026 16:34
09bd9830-62ea-475a-b001-4c64f12541c8,sensational.pw,available,,,high,low,11,,,,
0d9f587f-02b4-4e43-aa54-11c5de1ea719,borne.pw,available,3.99,24.49,high,low,5,namesilo,,,
86015cd1-90d9-447f-b9e0-4dd679f6ccff,silicon.pw,resell,,,high,low,7,"Xiamen ChinaSource Internet Service Co., Ltd",19/07/2024 01:49,19/07/2034 23:59,26/09/2026 09:01
9dde0ce2-8d02-4442-94c4-6f7145631dec,vertebral.pw,available,3.99,24.49,medium,low,9,namesilo,,,13/09/2026 04:33
44abd551-65e5-4cdc-ae7a-09e3dd5ce8a9,hooved.pw,available,3.99,24.49,medium,low,6,namesilo,,,21/08/2026 13:42
97174028-182a-4e40-a728-eccc7116c5ad,madman.pw,resell,,,high,low,6,"GoDaddy.com, LLC",19/06/2026 03:30,19/06/2027 03:30,26/09/2026 07:22
74860837-5785-4e70-969b-d1fd863c9b35,radioed.pw,available,3.99,24.49,medium,low,7,namesilo,,,20/09/2026 15:44
1fe47b35-633e-4669-a2e9-6d17d4e23e77,weathered.pw,available,3.99,24.49,high,low,9,namesilo,,,13/09/2026 09:21
51f83a26-a560-46b3-839d-2de77dd0bb88,phoney.pw,available,3.99,24.49,medium,low,6,namesilo,,,08/08/2026 23:14
e81ff693-b29d-4412-bda3-ba8acad0a19c,wholesale.pw,premium,3450,3450,high,low,9,namesilo,,,24/09/2026 02:58
b7b6eb76-c066-4753-9e90-e8ebc5376f35,depression.pw,resell,3.99,24.49,medium,low,10,"GoDaddy.com, LLC",21/06/2026 18:14,21/06/2027 18:14,26/09/2026 05:30
e3b4558a-9c96-4437-8784-8c8182bf2621,southampton.pw,premium,130,130,high,low,11,namecheap,,,25/09/2026 14:27
205979b8-d3b3-44f3-8cf0-7790ae1e3d19,proclaiming.pw,available,3.99,24.49,high,low,11,namesilo,,,
a6ef7074-82cb-4689-bca7-fcffda78313e,ageratum.pw,available,3.99,24.49,medium,low,8,namesilo,,,17/09/2026 17:22
c8e01fee-a43f-4a2e-9ee6-f144652fc0a9,somnolent.pw,available,3.99,24.49,medium,low,9,namesilo,,,10/09/2026 11:38
037a465e-4f93-40ee-a39d-449267efb61e,loamy.pw,available,3.99,24.49,medium,low,5,namesilo,,,24/08/2026 08:15
8ddfe2c2-8077-4c0f-802f-9b7ba90828dd,soda.pw,premium,302.5,302.5,high,low,4,namesilo,,,25/09/2026 10:32
08bbc435-a182-4422-b883-c3d939c568e8,gray.pw,premium,1107,1107,high,low,4,namesilo,,,24/09/2026 22:57
ab6f1dc7-4900-4343-b5c4-6ebe35d365c3,herself.pw,available,6.98,20.48,medium,low,7,namecheap,,,26/09/2026 03:24
675bb944-cb7f-42af-be98-0e2cd5f4dee6,mannish.pw,available,3.99,24.49,medium,low,7,namesilo,,,24/08/2026 15:22
fb39a9f9-fd21-472b-a242-6935d81daa54,naive.pw,available,3.99,24.49,high,low,5,namesilo,,,03/09/2026 12:50
b81fe884-20a1-484c-9bea-a56b286c10f9,intune.pw,available,3.99,24.49,high,low,7,namesilo,,,17/09/2026 12:54
f9a4e987-ea25-45f9-a6be-546872b7558a,uxorious.pw,available,3.99,24.49,medium,low,8,namesilo,,,13/09/2026 00:33
65006b48-f2ad-490a-b178-d2c5b07a425d,accented.pw,available,3.99,24.49,medium,low,8,namesilo,,,
afe438e2-ae7a-4ecd-bc7e-b12c68311a46,racing.pw,premium,749.17,,high,low,6,name.com,,,
6d2fef41-0e54-40af-ac0b-9b097ceb5802,cordate.pw,available,3.99,24.49,high,low,7,namesilo,,,13/08/2026 00:50
39e14d97-3a4e-4c9c-a779-511e89142ce7,teeming.pw,available,3.99,24.49,high,low,7,namesilo,,,11/09/2026 10:05
afcf344d-73de-4ce8-bafa-51b99769d4a8,exclusively.pw,available,3.99,24.49,medium,low,11,namesilo,,,
a6969a47-ea0b-445a-b55c-8543b9fca91f,pricey.pw,available,3.99,24.49,medium,low,6,namesilo,,,21/08/2026 08:57
4106a53a-affd-41e0-842f-8f997b09a179,bentonite.pw,available,6.98,20.48,high,low,9,namecheap,,,23/09/2026 08:46
1e133ab5-39a0-4b57-8556-9d166b513888,arccos.pw,available,3.99,24.49,medium,low,6,namesilo,,,20/09/2026 01:15
14d66156-edf1-4717-ac3e-7f9fe3ddd3d1,copland.pw,available,3.99,24.49,medium,low,7,namesilo,,,16/09/2026 13:32
74379859-2e67-4b78-ae5b-e04664816f55,smoking.pw,premium,1872.92,,high,low,7,name.com,,,
3399ea77-53db-4067-8856-48a292849ae7,valved.pw,available,3.99,24.49,medium,low,6,namesilo,,,13/09/2026 01:03
e8bf4e0d-d6a4-4c3e-9985-57b698c5ade8,afters.pw,available,3.99,24.49,high,low,6,namesilo,,,17/09/2026 15:48
f7db6caf-0782-4b8b-a35d-a2e9061252b2,whatsoever.pw,available,3.99,24.49,medium,low,10,namesilo,,,22/09/2026 06:59
0ff9d2e7-69f6-43af-917e-cbaae65e95f1,lossless.pw,available,3.99,24.49,medium,low,8,namesilo,,,24/08/2026 09:56
a5d13b94-cedf-4376-abc2-b57bee897578,album.pw,premium,374.58,,high,low,5,name.com,,,
649db7c5-4e45-48f5-8e59-9c01d40d8a97,attainment.pw,available,3.99,24.49,high,low,10,namesilo,,,17/09/2026 02:38
b1996796-e5e2-4907-b507-11345a1f3a78,frunze.pw,available,6.98,20.48,medium,low,6,namecheap,,,23/09/2026 21:44
22cdd90a-31cd-429f-9e74-6d0a0104fe98,real.pw,premium,749.17,1498.33,high,medium,4,name.com,,,25/09/2026 14:00
7c18768d-7ad9-4c72-be71-9f33d66af07c,chaff.pw,available,3.99,24.49,medium,low,5,namesilo,,,22/08/2026 13:50
d5f0e039-3ebf-471b-bb2b-784227c1ff06,feckless.pw,available,3.99,24.49,medium,low,8,namesilo,,,18/08/2026 00:31
a877df71-49f0-4ba5-adb4-56ec022c6861,benzoin.pw,available,3.99,24.49,medium,low,7,namesilo,,,20/09/2026 12:33
f77d6ee0-a2c8-4d06-8507-6739f7568a2a,obamacare.pw,available,3.99,24.49,medium,low,10,namesilo,,,
4182c51f-2acb-446f-9744-196d4a623714,liveable.pw,available,3.99,24.49,high,low,8,namesilo,,,24/08/2026 07:44